{"skeleton":{"hash":"k/GmxeMprD4","spine":"4.1.19","x":-1025.76,"y":-127.79,"width":2044.72,"height":2212.82},"bones":[{"name":"root"},{"name":"bone","parent":"root","x":30.69,"y":1.21},{"name":"bone2","parent":"bone","x":-191.78,"y":1268.47},{"name":"bone3","parent":"bone2","length":573.88,"rotation":-91.74,"x":-132.83,"y":-63.47},{"name":"bone4","parent":"bone3","length":558.93,"rotation":3.53,"x":573.88},{"name":"bone5","parent":"bone2","length":595.46,"rotation":-71.94,"x":64.19,"y":-67.06},{"name":"bone6","parent":"bone5","length":559.57,"rotation":2.56,"x":595.46},{"name":"bone7","parent":"bone2","length":179.99,"rotation":96.05,"x":1.36,"y":4.07},{"name":"bone8","parent":"bone7","length":178.35,"rotation":-14.8,"x":179.99},{"name":"bone9","parent":"bone8","length":55.33,"rotation":-8.36,"x":178.35},{"name":"bone10","parent":"bone9","length":138.7,"rotation":121.22,"x":56.38,"y":0.39},{"name":"bone11","parent":"bone9","length":166.99,"rotation":-74.87,"x":58.8,"y":-0.49},{"name":"bone12","parent":"bone11","x":107.66,"y":26.01},{"name":"bone13","parent":"bone11","length":201.74,"rotation":-74.45,"x":200.66,"y":-126.65},{"name":"bone14","parent":"bone13","length":216.71,"rotation":4.39,"x":202.88,"y":0.7},{"name":"bone15","parent":"bone14","x":235.43,"y":6.73},{"name":"bone16","parent":"bone14","x":234.97,"y":-0.23},{"name":"L_hand","parent":"bone16","length":91.6,"rotation":6.63,"x":20.06,"y":3.06},{"name":"bone17","parent":"L_hand","length":53.45,"rotation":-21.35,"x":9.54,"y":18.57},{"name":"bone18","parent":"bone17","length":64.83,"rotation":-5.28,"x":54.02,"y":0.02},{"name":"bone19","parent":"bone18","length":26.52,"rotation":-167.91,"x":50.79,"y":-20.28},{"name":"bone20","parent":"bone19","length":25.38,"rotation":-10.16,"x":26.52},{"name":"bone21","parent":"bone19","length":26.36,"rotation":-16.28,"x":39.41,"y":15.6},{"name":"bone22","parent":"bone19","length":22.19,"rotation":-26.22,"x":54.09,"y":25.28},{"name":"bone23","parent":"L_hand","length":153.13,"rotation":22.52,"x":4.69,"y":-45.14},{"name":"bone24","parent":"bone10","length":149.51,"rotation":49.46,"x":210.89,"y":157.82},{"name":"bone25","parent":"bone24","length":193.29,"rotation":-6.99,"x":151.27,"y":-1.35},{"name":"bone26","parent":"bone25","x":238.09,"y":-36.78},{"name":"bone27","parent":"bone25","length":107.9,"rotation":10.98,"x":209.9,"y":1.19},{"name":"bone28","parent":"bone27","length":29.55,"rotation":64.45,"x":126.48,"y":-33.49},{"name":"bone29","parent":"bone28","length":41.15,"rotation":82.7,"x":29.55},{"name":"bone30","parent":"bone27","length":39.55,"rotation":-142.45,"x":104.01,"y":49.17},{"name":"bone33","parent":"bone27","length":155.32,"rotation":-22.83,"x":1.89,"y":54.27},{"name":"bone34","parent":"bone27","rotation":-11.41,"x":145.46,"y":11.72},{"name":"bone35","parent":"bone9","length":192.44,"rotation":23.03,"x":118.6,"y":28.67},{"name":"bone36","parent":"bone35","x":284.29,"y":-34.98},{"name":"bone37","parent":"bone35","x":122.72,"y":13.03},{"name":"bone38","parent":"bone35","x":166.96,"y":21.88},{"name":"bone39","parent":"bone35","length":33.41,"rotation":161.11,"x":108.89,"y":-93.96,"scaleX":0.942},{"name":"bone39b","parent":"bone39","length":33.41,"rotation":-4.98,"x":33.41,"scaleX":0.942},{"name":"bone39c","parent":"bone39b","length":33.41,"rotation":-4.98,"x":33.41,"scaleX":0.942},{"name":"bone39d","parent":"bone39c","length":33.41,"rotation":-4.98,"x":33.41,"scaleX":0.942},{"name":"bone40","parent":"bone35","length":38.75,"rotation":160.32,"x":78.8,"y":-102.64,"scaleX":0.9669},{"name":"bone40b","parent":"bone40","length":38.75,"rotation":-4.27,"x":38.75,"scaleX":0.9669},{"name":"bone40c","parent":"bone40b","length":38.75,"rotation":-4.27,"x":38.75,"scaleX":0.9669},{"name":"bone40d","parent":"bone40c","length":38.75,"rotation":-4.27,"x":38.75,"scaleX":0.9669},{"name":"bone41","parent":"bone36","length":29.69,"rotation":173.42,"x":-58.9,"y":59.79,"scaleX":0.9184},{"name":"bone41b","parent":"bone41","length":29.69,"rotation":10.27,"x":29.69,"scaleX":0.9184},{"name":"bone41c","parent":"bone41b","length":29.69,"rotation":10.27,"x":29.69,"scaleX":0.9184},{"name":"bone42","parent":"bone36","length":33.03,"rotation":-150.6,"x":-53.51,"y":47.19,"scaleX":0.9533},{"name":"bone42b","parent":"bone42","length":33.03,"rotation":6.6,"x":33.03,"scaleX":0.9533},{"name":"bone42c","parent":"bone42b","length":33.03,"rotation":6.6,"x":33.03,"scaleX":0.9533},{"name":"bone43","parent":"bone36","length":39.75,"rotation":151.68,"x":-53.65,"y":67.11},{"name":"bone43b","parent":"bone43","length":39.75,"rotation":9.68,"x":39.75},{"name":"bone43c","parent":"bone43b","length":39.75,"rotation":6.29,"x":39.75},{"name":"bone44","parent":"bone36","length":42.3,"rotation":178.09,"x":-125.99,"y":102.73,"scaleX":0.9454},{"name":"bone44b","parent":"bone44","length":42.3,"rotation":-4.62,"x":42.3,"scaleX":0.9454},{"name":"bone44c","parent":"bone44b","length":42.3,"rotation":-8.74,"x":42.3,"scaleX":0.9454},{"name":"bone44d","parent":"bone44c","length":42.3,"rotation":-8.74,"x":42.3,"scaleX":0.9454},{"name":"bone45","parent":"bone36","length":29.04,"rotation":168.29,"x":-236.7,"y":87.11},{"name":"bone45b","parent":"bone45","length":29.04,"rotation":4.46,"x":29.04},{"name":"bone45c","parent":"bone45b","length":29.04,"rotation":-6.62,"x":29.04},{"name":"bone46","parent":"bone9","x":34.82,"y":83.86},{"name":"bone47","parent":"bone9","x":118.5,"y":-47.21},{"name":"bone48","parent":"bone35","rotation":-32.94,"x":334.71,"y":-62.21},{"name":"bone49","parent":"bone11","length":39.51,"rotation":-88.91,"x":74.72,"y":-130.14},{"name":"bone50","parent":"bone49","length":39.13,"rotation":7.12,"x":39.51},{"name":"bone51","parent":"bone11","length":43.78,"rotation":-86.43,"x":125.77,"y":-128.41},{"name":"bone52","parent":"bone51","length":43.97,"rotation":3.96,"x":43.78},{"name":"bone53","parent":"bone11","length":40.28,"rotation":-82.83,"x":175.9,"y":-124.86},{"name":"bone54","parent":"bone53","length":31.37,"rotation":3.72,"x":40.28},{"name":"bone55","parent":"bone11","length":44.96,"rotation":-78.69,"x":222.25,"y":-111.1},{"name":"bone56","parent":"bone55","length":32.78,"rotation":1.35,"x":44.96},{"name":"bone57","parent":"bone11","length":44.57,"rotation":-72.12,"x":276.27,"y":-120.14},{"name":"bone59","parent":"bone11","length":36.48,"rotation":-74.63,"x":258.33,"y":-161.76},{"name":"bone60","parent":"bone59","length":29.68,"rotation":0.06,"x":36.48},{"name":"bone61","parent":"bone11","length":44.96,"rotation":-82.73,"x":208.11,"y":-161.95},{"name":"bone62","parent":"bone61","length":32.78,"rotation":1.35,"x":44.96},{"name":"bone63","parent":"bone11","length":40.28,"rotation":-86.87,"x":155.48,"y":-166.25},{"name":"bone64","parent":"bone63","length":31.37,"rotation":3.72,"x":40.28,"scaleX":1.362},{"name":"bone65","parent":"bone11","length":43.78,"rotation":-90.47,"x":105.35,"y":-169.8},{"name":"bone66","parent":"bone65","length":43.97,"rotation":3.96,"x":43.78},{"name":"bone67","parent":"bone11","length":78.05,"rotation":41.6,"x":42.25,"y":-21.55},{"name":"bone68","parent":"bone36","length":114.75,"rotation":-178.59,"x":-408.08,"y":9.72},{"name":"bone68b","parent":"bone68","length":114.75,"rotation":2.62,"x":114.75},{"name":"bone68c","parent":"bone68b","length":114.75,"rotation":9.61,"x":114.75},{"name":"bone68d","parent":"bone68c","length":114.75,"rotation":-2.14,"x":114.75},{"name":"bone68e","parent":"bone68d","length":114.75,"rotation":-19.66,"x":114.75},{"name":"bone68f","parent":"bone68e","length":114.75,"rotation":-24.85,"x":114.75},{"name":"shoulder_in","parent":"bone12","x":127.98,"y":-137.75},{"name":"lip","parent":"bone35","x":50.23,"y":7.91},{"name":"R_eye","parent":"bone37","x":-1.38,"y":23.04},{"name":"L_eye","parent":"bone37","x":14.64,"y":-71.77},{"name":"hod_inside","parent":"bone35","rotation":-110.43,"x":293.22,"y":8.68},{"name":"bone31","parent":"bone10","length":31.35,"rotation":49.97,"x":209.76,"y":75.82},{"name":"bone31b","parent":"bone31","length":31.35,"x":31.35},{"name":"bone31c","parent":"bone31b","length":31.35,"x":31.35},{"name":"bone57b","parent":"bone57","length":44.57,"x":44.57},{"name":"bone69","parent":"bone","length":1364.79,"rotation":90.88,"x":869.58,"y":640.62},{"name":"bone70","parent":"bone","length":1356.7,"rotation":91.41,"x":1090.75,"y":648.97},{"name":"bone71","parent":"bone","x":-413.68,"y":1913.26},{"name":"bone72","parent":"bone","x":69.89,"y":1863.32}],"slots":[{"name":"Back_hair","bone":"bone68","attachment":"Back_hair"},{"name":"shdow","bone":"root","attachment":"shdow"},{"name":"R_arm_1","bone":"bone24","attachment":"R_arm_1"},{"name":"R_arm_2_in","bone":"bone26","attachment":"R_arm_2_in"},{"name":"R_arm_2","bone":"bone25","attachment":"R_arm_2"},{"name":"R_leg","bone":"bone3","attachment":"R_leg"},{"name":"L_leg","bone":"bone5","attachment":"L_leg"},{"name":"pelvis","bone":"bone2","attachment":"pelvis"},{"name":"L_arm_2_in","bone":"bone15","attachment":"L_arm_2_in"},{"name":"L_hand","bone":"L_hand","attachment":"L_hand"},{"name":"L_weapon","bone":"bone23","attachment":"L_weapon"},{"name":"L_finger_2","bone":"bone19","attachment":"L_finger_2"},{"name":"L_finger_1","bone":"bone17","attachment":"L_finger_1"},{"name":"shoulder_in","bone":"shoulder_in","attachment":"shoulder_in"},{"name":"shoulder_cloth_in","bone":"bone65","attachment":"shoulder_cloth_in"},{"name":"L_arm_1","bone":"bone13","attachment":"L_arm_1"},{"name":"L_arm_2","bone":"bone14","attachment":"L_arm_2"},{"name":"hod_inside","bone":"hod_inside","attachment":"hod_inside"},{"name":"body","bone":"bone7","attachment":"body"},{"name":"Head","bone":"bone35","attachment":"Head"},{"name":"front_hair_2","bone":"bone41","attachment":"front_hair_2"},{"name":"front_hair_3","bone":"bone42","attachment":"front_hair_3"},{"name":"side_hair_2","bone":"bone40","attachment":"side_hair_2"},{"name":"side_hair_1","bone":"bone39","attachment":"side_hair_1"},{"name":"lip","bone":"lip","attachment":"lip"},{"name":"L_eye_white","bone":"bone37","attachment":"L_eye_white"},{"name":"L_eye","bone":"L_eye","attachment":"L_eye"},{"name":"R_eye_white","bone":"bone37","attachment":"R_eye_white"},{"name":"R_eye","bone":"R_eye","attachment":"R_eye"},{"name":"hod","bone":"bone48","attachment":"hod"},{"name":"L_eyeild","bone":"bone37","attachment":"L_eyeild"},{"name":"side_hair_4","bone":"bone45","attachment":"side_hair_4"},{"name":"side_hair_3","bone":"bone44","attachment":"side_hair_3"},{"name":"front_hair_1","bone":"bone43","attachment":"front_hair_1"},{"name":"R_eyeild","bone":"bone37","attachment":"R_eyeild"},{"name":"close_eye","bone":"bone37","attachment":"close_eye"},{"name":"eye_brow","bone":"bone38","attachment":"eye_brow"},{"name":"shoulder_cloth","bone":"bone49","attachment":"shoulder_cloth"},{"name":"shoulder","bone":"bone12","attachment":"shoulder"},{"name":"layer","bone":"bone67","attachment":"레이어 82"},{"name":"R_finger_3","bone":"bone34","attachment":"R_finger_3"},{"name":"R_hand","bone":"bone27","attachment":"R_hand"},{"name":"R_weapon","bone":"bone33","attachment":"R_weapon"},{"name":"R_finger_1","bone":"bone30","attachment":"R_finger_1"},{"name":"R_finger_2","bone":"bone28","attachment":"R_finger_2"}],"transform":[{"name":"body_trp_1","bones":["bone70"],"target":"bone69","rotation":0.53,"x":4.96,"y":-221.28,"mixRotate":0,"mixX":-3,"mixY":-2,"mixScaleX":0,"mixShearY":0},{"name":"F_hair_1","order":2,"bones":["bone43"],"target":"bone71","rotation":-112.39,"x":183.09,"y":62.41,"mixRotate":0,"mixX":0,"mixScaleX":0,"mixShearY":0},{"name":"Head","order":3,"bones":["bone35"],"target":"bone71","rotation":95.93,"x":238.87,"y":-163.67,"mixRotate":0,"mixX":0,"mixScaleX":0,"mixShearY":0},{"name":"Head_trp","order":1,"bones":["bone72"],"target":"bone71","x":483.57,"y":-49.93,"mixRotate":0,"mixX":-0.7,"mixY":-0.6,"mixScaleX":0,"mixShearY":0}],"skins":[{"name":"default","attachments":{"Back_hair":{"Back_hair":{"type":"mesh","uvs":[0,0.00521,0,0.05609,0.02822,0.08577,0.02822,0.11396,0.03018,0.17183,0.07728,0.21839,0.17738,0.34302,0.26468,0.47317,0.31767,0.55033,0.40599,0.59781,0.54865,0.63868,0.56011,0.64951,0.58417,0.69066,0.5899,0.75476,0.48906,0.82092,0.51657,0.83002,0.56928,0.8062,0.55896,0.83825,0.47417,0.93699,0.39396,0.96557,0.26104,0.99416,0.2851,1,0.41687,0.9868,0.49823,0.98117,0.62428,0.96297,0.75329,0.92489,0.86444,0.87464,0.9309,0.81712,0.96069,0.75389,0.99048,0.71274,0.99392,0.64513,0.971,0.61429,0.80943,0.47809,0.71579,0.41428,0.53818,0.33501,0.52831,0.32643,0.52561,0.29725,0.50248,0.26853,0.41218,0.2011,0.27893,0.1331,0.1402,0.0666,0.15916,0.24189,0.67102,0.42098,0.66854,0.641,0.62382,0.71723,0.75796,0.48287,0.80805,0.60214,0.79553,0.70558,0.64707,0.81378,0.58442,0.91858,0.79501,0.84335,0.87601,0.79786,0.27451,0.32251,0.50068,0.44293,0.62957,0.51923],"triangles":[22,21,19,21,20,19,22,19,23,19,18,23,23,18,24,18,49,24,24,49,25,18,17,49,26,25,50,25,49,50,50,17,48,50,49,17,26,50,27,50,51,27,50,48,51,17,16,48,15,14,16,16,14,13,27,51,28,16,13,48,51,48,13,51,13,47,47,13,44,51,47,28,13,12,44,28,47,29,47,44,43,29,47,30,44,12,43,30,46,31,30,47,46,47,43,46,12,11,43,11,10,43,46,43,54,54,43,10,10,9,54,54,45,46,31,46,32,46,45,32,9,8,54,8,53,54,54,42,45,42,33,45,45,33,32,8,7,53,54,53,42,7,52,53,53,34,42,34,53,52,42,34,33,7,6,52,34,52,35,5,41,6,6,41,52,52,36,35,52,37,36,52,38,37,52,41,38,38,41,39,41,5,39,5,4,39,4,3,39,3,40,39,3,2,40,2,1,40,40,1,0],"vertices":[1,83,-17.26,0.75,1,1,83,17.19,-9.94,1,1,83,39.52,-8.96,1,1,83,58.61,-14.88,1,2,83,97.95,-26.54,0.90306,84,-17.99,-25.75,0.09694,2,83,133.22,-24.27,0.08198,84,17.34,-25.09,0.91802,2,84,109.57,-29.89,0.6198,85,-10.1,-28.61,0.3802,2,85,81.74,-53.65,0.83781,86,-30.98,-54.85,0.16219,2,85,136.35,-68.21,0.17667,86,24.14,-67.35,0.82333,3,85,177.3,-64.17,0.01295,86,64.91,-61.78,0.98058,87,-26.15,-74.95,0.00647,2,86,108.21,-41.13,0.58945,87,7.68,-40.93,0.41055,2,86,116.44,-41.93,0.37284,87,15.7,-38.91,0.62716,3,86,145.32,-49.59,0.02471,87,45.47,-36.42,0.97446,88,-47.56,-62.17,8.2E-4,2,87,90.72,-40.97,0.7053,88,-4.59,-47.28,0.2947,2,87,133.6,-74.02,0.1558,88,48.21,-59.25,0.8442,2,87,140.97,-67.58,0.15507,88,52.2,-50.3,0.84493,2,87,126.12,-51.32,0.1712,88,31.89,-41.79,0.8288,2,87,148.27,-57.1,0.01884,88,54.42,-37.72,0.98116,1,88,128.01,-38.76,1,1,88,153.72,-53.32,1,2,84,551.37,-165.68,0,88,183.61,-81.37,1,2,84,557.46,-161.03,0,88,185.66,-73.98,1,1,88,166.29,-43.01,1,1,88,156.03,-23.35,1,1,88,133.74,5.11,1,2,84,550.01,-24.92,0,88,97.73,30.17,1,3,84,526.63,15.2,0,87,184.78,20.58,4.4E-4,88,54.9,48.11,0.99956,3,84,494.33,45.81,0,87,146.75,43.69,0.20254,88,10.67,53.09,0.79746,3,84,454.87,68.56,0,87,103.38,57.59,0.51575,88,-34.52,47.48,0.48425,4,84,430.15,85.98,0,86,209.23,39.95,0.00106,87,75.54,69.4,0.98559,88,-64.75,46.49,0.01334,3,84,385.38,103.13,0,86,167.08,62.78,0.10632,87,28.16,76.72,0.89368,3,84,362.73,104.79,0,86,144.83,67.36,0.26176,87,5.66,73.56,0.73824,4,84,257.2,96.88,0,85,156.63,71.73,0.1077,86,39.16,73.24,0.89103,87,-95.82,43.55,0.00128,2,85,104.89,72.15,0.6075,86,-12.55,71.73,0.3925,3,84,137.09,62.98,0.20193,85,32.54,58.37,0.79666,86,-84.33,55.25,0.00141,3,84,130.47,62.56,0.29788,85,25.94,59.06,0.7019,86,-90.95,55.7,2.2E-4,2,84,110.76,68.91,0.57366,85,7.58,68.61,0.42634,2,84,89.5,70,0.7785,85,-13.2,73.23,0.2215,3,83,148.12,65.08,0.0573,84,36.31,63.49,0.93765,85,-66.73,75.69,0.00506,2,83,91.49,45.27,0.76264,84,-21.16,46.28,0.23736,1,83,35.44,23.73,1,1,84,40.48,-10.12,1,2,85,103.12,59.36,0.64283,86,-13.84,58.88,0.35717,2,86,124.43,-13.34,0.10567,87,13.6,-9.31,0.89433,2,87,65.56,-28.41,0.97621,88,-32.69,-46.45,0.02379,4,84,255.69,82.75,0,85,152.78,58.05,0.1175,86,35.84,59.43,0.88213,87,-94.31,29.43,3.7E-4,3,84,339.78,66.64,0,86,117.12,32.52,0.54244,87,-8.71,31.43,0.45756,2,84,407.62,38.56,0,87,63.52,18.3,1,2,87,134.24,-31.38,0.07398,88,30.87,-20.28,0.92602,1,88,106.82,-14.39,1,3,84,499.44,5.24,0,87,160.31,5.11,0.0017,88,39.19,23.79,0.9983,3,84,476.48,36.62,0,87,131.25,30.93,0.31991,88,1.97,35,0.68009,1,84,104.73,-0.47,1,3,84,205.63,27.53,0,85,94.2,11.96,0.97756,86,-20.98,11.18,0.02244,3,84,268.25,41.63,0,85,158.29,15.41,0.00529,86,42.94,17.03,0.99471],"hull":41}},"body":{"body":{"type":"mesh","uvs":[0.23634,1,0.2571,0.97874,0.27965,0.97111,0.31694,0.96262,0.44422,0.9544,0.50076,0.95074,0.67577,0.94723,0.70702,0.96428,0.86574,0.93216,0.85192,0.85573,0.85312,0.83516,0.87655,0.64174,0.88713,0.60602,1,0.18589,1,0.16085,0.81146,0.18997,0.81146,0.07017,0.79191,0,0.70349,0,0.60978,0.07017,0.56897,0.15503,0.56727,0.26069,0.55331,0.274,0.50315,0.29396,0.39772,0.28232,0.30147,0.30321,0.21645,0.36228,0.14163,0.49892,0.11631,0.55232,0.08239,0.62385,0.04092,0.71131,0,0.79759,0.02005,0.83337,0.06682,0.85916,0.08581,0.82076,0.09718,0.81968,0.13911,0.8451,0.17103,0.8512,0.21394,0.85012,0.20111,0.8914,0.18166,0.93699,0.18569,0.95067,0.22017,1,0.41208,0.63883,0.4648,0.45226,0.64492,0.25165,0.28192,0.83543,0.28655,0.72065,0.42068,0.72332,0.66695,0.71142,0.79352,0.45388,0.93244,0.24092,0.22758,0.55017,0.27712,0.47967,0.15192,0.6577,0.11949,0.75289,0.66162,0.42021],"triangles":[33,32,34,55,35,34,32,31,34,30,29,54,55,30,54,30,34,31,30,55,34,29,28,54,14,51,15,18,17,16,13,51,14,15,45,19,20,19,45,21,20,45,22,21,45,16,19,18,19,16,15,15,50,45,50,15,51,12,50,51,12,51,13,44,45,56,45,50,56,45,44,22,44,24,23,22,44,23,53,26,25,25,24,44,27,26,53,44,53,25,52,27,53,28,27,52,43,53,44,52,53,43,11,50,12,54,28,52,49,50,11,44,56,49,43,44,49,47,52,43,54,52,47,48,43,49,47,43,48,55,54,47,10,49,11,47,38,55,36,35,55,36,55,37,47,46,38,38,37,55,5,48,49,48,46,47,4,46,48,49,56,50,10,6,49,9,6,10,7,6,9,41,40,39,6,5,49,4,48,5,4,3,46,8,7,9,46,39,38,2,46,3,2,39,46,1,41,39,2,1,39,42,41,1,0,42,1],"vertices":[1,7,129.65,110.76,1,1,7,137.61,101.35,1,1,7,139.82,91.82,1,1,7,141.74,76.24,1,1,7,139.66,23.99,1,1,7,138.74,0.77,1,1,7,132.64,-70.74,1,1,7,124.18,-82.72,1,1,7,130.7,-148.86,1,1,7,163.14,-146.6,1,5,7,171.67,-148,0.76736,8,29.76,-145.21,0.21351,9,-125.91,-165.27,1.2E-4,10,-47.17,241.75,0,11,110.86,-221.31,0.01901,5,7,251.24,-166.1,0.0775,8,111.32,-142.39,0.61869,9,-45.63,-150.62,0.02549,10,-76.26,165.5,0,11,117.67,-139.98,0.27832,5,7,265.67,-171.99,0.05168,8,126.77,-144.4,0.55565,9,-30.05,-150.36,0.03426,10,-84.12,152.05,0,11,121.49,-124.88,0.35841,4,7,424.55,-253.93,0,8,301.31,-183.03,1.4E-4,9,148.26,-163.22,1.0E-5,11,180.43,43.89,0.99985,4,7,430.3,-226.54,0,8,299.87,-155.08,1.4E-4,9,142.77,-135.77,2.0E-5,11,152.51,45.76,0.99984,5,7,442.29,-159.53,0,8,294.35,-87.23,1.0E-5,9,127.45,-69.44,0,10,-96.55,-24.58,2.1E-4,11,84.48,48.28,0.99978,2,10,-108.8,-73.26,0.00635,11,82.75,98.44,0.99365,3,7,522.29,-159.95,0,10,-108.19,-103.73,0.00935,11,73.72,127.55,0.99065,3,7,526.11,-123.9,0,10,-73.04,-112.57,0.02249,11,37.49,126.3,0.97751,2,10,-28.61,-93.43,0.07647,11,0.11,95.59,0.92353,2,10,-3.71,-63.03,0.16301,11,-15.39,59.48,0.83699,2,10,7.77,-20.27,0.54165,11,-14.56,15.21,0.45835,2,10,14.68,-16.26,0.76309,11,-20.09,9.44,0.23691,2,10,36.67,-13.16,0.98885,11,-40.36,0.37,0.01115,3,7,421.71,13.24,0,10,77.39,-28.44,1,11,-83.72,3.76,0,4,7,417.16,53.41,0,10,117.8,-29.57,0.99,11,-122.86,-6.35,0,98,1058.69,1141.06,0.01,4,7,396.23,90.68,2.3E-4,8,185.9,142.91,0.00483,10,157.64,-14.07,0.98493,98,1034.48,1176.29,0.01,5,7,342.53,127.22,0.00135,8,124.64,164.52,0.46443,9,-77.05,154.97,0.47803,10,201.36,33.97,0.04618,98,977.7,1207.84,0.01,5,7,321.37,139.91,0.00111,8,100.95,171.38,0.47293,9,-101.48,158.32,0.47803,10,216.88,53.13,0.03793,98,955.49,1218.56,0.01,3,94,20.24,-19.46,0.57137,95,-11.11,-19.46,0.41863,98,925.73,1232.92,0.01,2,95,29.28,-18.75,0.99,98,889.35,1250.49,0.01,2,96,37.78,-18.04,0.99,98,853.46,1267.81,0.01,2,96,47.67,-4.1,0.99,98,838.35,1259.82,0.01,3,96,49.01,17.87,0.12163,98,827.25,1240.82,0.01,25,48.5,-33.56,0.86837,3,8,-12.12,166.64,0.06353,9,-212.66,137.19,0.05932,25,30.63,-33.75,0.87714,3,8,-10.96,162.1,0.06353,9,-210.86,132.87,0.05932,25,28.15,-29.77,0.87714,2,8,-18.87,143.49,0.51714,9,-215.98,113.3,0.48286,2,8,-19.41,130.17,0.51714,9,-214.58,100.05,0.48286,3,7,193.07,113.26,0.38062,8,-16.29,112.85,0.43507,10,208.5,183.91,0.18431,3,7,176.42,120.32,0.79983,8,-34.18,115.42,0.15002,10,217.83,199.4,0.05015,1,7,158.27,130.26,1,1,7,152.4,129.22,1,1,7,130.35,117.35,1,4,7,272.54,23.14,0.00528,8,83.57,46.02,0.83862,10,108.12,117.87,0.1511,99,924.68,1310.58,0.005,5,7,347.99,-6.59,0,8,164.11,36.54,0.5545,9,-19.39,34.08,0.04472,10,68.09,47.33,0.39577,99,1002.3,1287.05,0.005,2,10,-24.03,-16.17,0.03296,11,17.13,20.1,0.96704,4,7,196.25,84.9,0.26275,8,-5.97,86.24,0.64256,10,179.97,184.74,0.08969,99,843.64,1365.96,0.005,4,7,243.88,77.94,0.10556,8,41.86,91.67,0.68435,10,166.4,138.56,0.20509,99,891.68,1362.88,0.005,4,7,236.96,23.37,0.02342,8,49.11,37.15,0.90311,10,113.34,153.06,0.06847,99,889.2,1307.93,0.005,6,7,231.27,-77.56,0.0961,8,69.39,-61.89,0.83996,9,-98.8,-77.07,0.00282,10,14.2,172.85,0,11,32.79,-172.12,0.05612,99,891.71,1206.86,0.005,6,7,333.1,-140.55,0.00482,8,183.94,-96.77,0.22905,9,19.59,-94.93,0.08519,10,-62.45,80.87,0,11,80.94,-62.49,0.49809,82,1.74,-56.3,0.18286,4,7,415.83,-206.6,0,8,280.79,-139.5,6.0E-5,9,121.63,-123.13,1.0E-5,11,134.78,28.65,0.99993,5,7,317.46,94.45,0.00733,8,108.78,126.43,0.5858,9,-87.21,114.98,0.31744,10,172.42,63.39,0.08443,99,963.68,1385.29,0.005,5,7,344.69,71.14,0.00388,8,141.07,110.85,0.42908,9,-53,104.25,0.17513,10,145.52,39.69,0.38991,99,992.71,1364.26,0.002,7,7,275.93,130.05,0.00661,8,59.53,150.24,0.10003,9,-139.39,131.38,0.05701,10,213.5,99.52,0.01585,94,20.54,12.38,0.50034,95,-10.81,12.38,0.31517,99,919.4,1417.41,0.005,5,7,237.67,147.47,0.01504,8,18.09,157.32,0.53091,9,-181.42,132.35,0.41295,10,236.12,134.95,0.03609,99,879.86,1431.68,0.005,6,7,352.84,-88.26,0.00246,8,189.66,-41.18,0.26556,9,17.17,-39.1,0.05537,10,-13.44,53.99,0.11075,11,26.4,-50.25,0.383,82,-30.91,-10.94,0.18286],"hull":43}},"close_eye":{"close_eye":{"type":"mesh","uvs":[0,0.72382,0,1,0.17459,1,0.32955,0.55277,0.47554,0.3763,0.5511,0.56906,0.66124,0.57992,0.8715,0.42378,1,0.155,1,0,0.85998,0,0.69861,0.26631,0.65635,0.28803,0.48727,0.29346,0.45909,0.33419,0.29178,0.52152,0.24568,0.59211,0.16499,0.71972,0.13042,0.74415,0.06254,0.698],"triangles":[10,9,8,4,14,13,7,10,8,11,10,7,3,15,14,3,14,4,5,13,12,4,13,5,6,12,11,6,11,7,5,12,6,1,0,19,2,17,16,18,17,2,16,15,3,2,16,3,1,19,18,2,1,18],"vertices":[0.14,53.52,-20.03,58.24,-26.35,31.2,0.7,-0.42,8.31,-26.04,-8.5,-34.45,-13.28,-51.31,-9.49,-86.53,5.49,-111.02,16.81,-113.66,21.88,-91.98,8.27,-62.45,8.21,-55.54,13.93,-29.27,11.98,-24.21,4.35,4.89,0.87,13.24,-5.53,27.91,-6.07,33.68,-0.24,43.4],"hull":20}},"eye_brow":{"eye_brow":{"type":"mesh","uvs":[0.00834,0.9887,0.20593,0.67446,0.26567,0.6176,0.50629,0.36522,0.56143,0.35026,0.68397,0.21858,0.8448,0.11383,1,0.05397,1,0,0.82029,0.0031,0.6518,0.0839,0.44429,0.29339,0.2176,0.48493,0.12876,0.61361,0,0.89194],"triangles":[6,9,8,7,6,8,5,10,9,5,9,6,4,11,10,5,4,10,3,11,4,2,12,11,1,13,12,2,11,3,2,1,12,1,0,14,1,14,13],"vertices":[-28.08,50.24,-15.27,20.52,-13.79,12.21,-6.34,-21.66,-7.32,-28.66,-3.33,-45.97,-2.35,-67.48,-3.99,-87.5,-0.61,-88.46,5.42,-66.45,6.21,-44.43,0.3,-15.36,-3.83,15.73,-8.8,28.87,-21.74,49.54],"hull":15}},"front_hair_1":{"front_hair_1":{"type":"mesh","uvs":[0.36874,1,0.33511,0.86062,0.3239,0.78669,0.36127,0.7545,0.44346,0.7099,0.60411,0.66936,0.8096,0.65267,1,0.64551,0.87685,0.57838,0.63774,0.45199,0.59664,0.41145,0.55928,0.33941,0.53686,0.1856,0.60411,0,0.49577,0.00435,0.38742,0.0449,0.11095,0.19633,0,0.37025,0,0.69621,0.06908,0.83691,0.23721,0.97046,0.29325,1,0.34182,0.19613,0.25962,0.37022,0.26336,0.58499,0.22416,0.81148,0.21636,0.70341],"triangles":[6,5,8,26,18,24,24,4,26,5,4,24,3,26,4,2,26,3,25,26,2,25,19,18,25,18,26,25,2,1,19,25,20,25,0,20,0,21,20,25,1,0,23,22,11,17,16,23,23,11,10,9,24,23,9,23,10,24,9,8,8,5,24,6,8,7,24,18,17,24,17,23,13,15,14,12,15,13,22,15,12,22,16,15,22,12,11,23,16,22],"vertices":[1,54,56.77,4.21,1,1,54,37.07,3.89,1,1,54,26.63,4.02,1,2,53,61.16,8.37,5.9E-4,54,22.2,5.97,0.99941,2,53,54.7,11.75,0.04691,54,16.15,10.05,0.95309,2,53,48.63,18.7,0.2985,54,10.88,17.61,0.7015,2,53,45.83,27.82,0.47716,54,9.09,26.98,0.52284,2,53,44.4,36.32,0.50117,54,8.61,35.59,0.49883,2,53,35.22,30.32,0.56236,54,-1.18,30.64,0.43764,3,52,54.3,21.45,0.00367,53,17.95,18.7,0.93297,54,-19.62,20.98,0.06336,3,52,49.11,18.41,0.0426,53,12.33,16.58,0.94258,54,-25.44,19.48,0.01481,2,52,39.56,14.57,0.39153,53,2.27,14.4,0.60847,1,52,18.6,8.9,1,1,52,-7.6,6.19,1,1,52,-5.95,1.57,1,1,52,0.69,-1.96,1,1,52,24.23,-9.49,1,2,52,49.25,-9.06,0.01857,53,7.84,-10.53,0.98143,1,54,13.01,-9.76,1,1,54,33,-7.86,1,1,54,52.26,-1.45,1,1,54,56.57,0.82,1,1,52,21.95,0.65,1,2,52,46.72,2.35,0.00537,53,7.27,1.14,0.99463,2,53,37.5,2.8,0.79066,54,-1.92,3.03,0.20934,1,54,29.85,-0.67,1,1,54,14.62,-0.1,1],"hull":22}},"front_hair_2":{"front_hair_2":{"type":"mesh","uvs":[0.07756,0.05244,0.25361,0,0.29167,0.16847,0.36304,0.33034,0.54622,0.50797,0.75319,0.66841,0.9554,0.79734,1,0.84394,0.93399,0.88548,0.67944,0.97144,0.42251,1,0.27502,0.93133,0.18699,0.8554,0.02522,0.60615,0.00381,0.42279,0.0395,0.14448,0.50498,0.81672,0.30612,0.63539,0.15839,0.35484,0.15839,0.1068,0.14418,0.21032],"triangles":[16,17,5,16,5,6,12,17,16,8,16,6,8,6,7,11,12,16,9,16,8,10,11,16,9,10,16,17,13,14,4,17,18,17,4,5,12,13,17,19,0,1,15,0,19,19,1,2,20,15,19,20,19,2,20,2,3,18,20,3,14,15,20,14,20,18,4,18,3,17,14,18],"vertices":[1,46,-11.84,-2.92,1,1,46,-15.35,7.6,1,1,46,1.86,7.18,1,2,46,18.74,8.71,0.96115,47,-10.05,10.52,0.03885,3,46,38.29,16.18,0.07272,47,12.35,14.39,0.88787,48,-15.79,17.25,0.0394,2,47,33.46,20.06,0.25635,48,7.93,19.07,0.74365,2,47,51.18,26.52,0.00757,48,28.17,22.26,0.99243,2,47,56.99,27.35,4.7E-4,48,34.55,22.05,0.99953,1,48,36.75,16.78,1,1,48,37.42,0.21,1,1,48,31.96,-13.57,1,2,47,50.7,-13.66,0.01359,48,19.86,-17.18,0.98641,2,47,40.92,-15.82,0.14959,48,8.97,-17.57,0.85041,3,46,42.99,-14.09,0.02036,47,11.52,-16.23,0.97154,48,-22.62,-12.73,0.00811,2,46,24.46,-12.53,0.80751,47,-8.04,-11.4,0.19249,1,46,-3.01,-6.4,1,1,48,15.37,-0.35,1,2,47,20.53,-2.4,0.99871,48,-10.28,-0.73,0.00129,1,46,19.18,-2.97,1,1,46,-5.61,0.74,1,1,46,4.6,-1.59,1],"hull":16}},"front_hair_3":{"front_hair_3":{"type":"mesh","uvs":[0,0.12515,0,0.04679,0.09046,0,0.23229,0,0.38426,0.0558,0.56372,0.191,0.762,0.37352,0.93278,0.64167,1,0.80392,1,0.84448,0.80831,0.84448,0.69082,0.84981,0.65174,0.86784,0.58228,0.9084,0.4636,1,0.40137,1,0.29137,0.85432,0.19585,0.73038,0.07573,0.56589,0.03231,0.42618,0,0.23915,0.62665,0.71277,0.45556,0.54823,0.19724,0.28446],"triangles":[21,22,6,10,21,6,7,10,6,10,7,8,10,8,9,11,21,10,12,21,11,13,22,21,13,21,12,22,14,15,13,14,22,22,4,5,22,5,6,17,23,22,16,17,22,15,16,22,0,1,2,23,20,0,23,2,3,23,3,4,23,0,2,19,20,23,23,4,22,18,19,23,17,18,23],"vertices":[1,49,-7.62,-6.32,1,1,49,-12.2,-1.93,1,1,49,-6.64,8.53,1,2,49,6.35,20.82,0.94639,50,-25.29,23.74,0.05361,3,49,23.53,30.85,0.60492,50,-6.18,31.74,0.38659,51,-37.03,36.03,0.00849,3,49,47.86,38.81,0.12394,50,20.13,36.85,0.63449,51,-9,38.09,0.24157,3,49,76.67,45.75,0.00147,50,50.99,40.43,0.19768,51,23.59,38.1,0.80085,2,50,83.57,36.59,0.00621,51,57.08,30.55,0.99379,1,51,73.03,23.71,1,1,51,75.01,20.94,1,2,50,81.36,14.54,4.0E-5,51,52.11,8.89,0.99997,1,51,38.34,1.14,1,1,51,34.55,-2.55,1,2,50,60.88,-6.53,0.00819,51,28.23,-9.68,0.99181,2,50,53.26,-21.21,0.1942,51,18.53,-23.39,0.8058,2,50,46.67,-25.91,0.30853,51,11.1,-27.3,0.69147,3,49,61.62,-21.98,0.01242,50,27.15,-25.12,0.77217,51,-9.15,-24.28,0.21541,3,49,45.64,-23.31,0.19551,50,10.33,-24.6,0.79464,51,-26.61,-21.83,0.00986,2,49,25.03,-24.48,0.77471,50,-11.28,-23.4,0.22529,2,49,12.9,-20.41,0.96273,50,-23.43,-17.96,0.03727,1,49,-0.97,-12.72,1,2,50,55,9.04,0.01555,51,23.99,6.45,0.98445,3,49,58.8,9.41,0.00301,50,27.99,6.38,0.89517,51,-4.48,6.92,0.10181,2,49,19.74,1.83,0.9987,50,-13.62,3.34,0.0013],"hull":21}},"Head":{"Head":{"type":"mesh","uvs":[0.02693,0.27523,0.03281,0.44021,0.11666,0.59451,0.13873,0.62418,0.20787,0.74025,0.31525,0.83758,0.47265,0.93609,0.51237,0.93372,0.60946,0.90286,0.80805,0.75805,0.94926,0.62868,0.99045,0.46648,0.99045,0.37271,0.90366,0.16619,0.76097,0.0475,0.59033,0,0.272,0,0.15432,0.06122,0.06459,0.18704,0.19142,0.32174,0.55742,0.30076,0.80305,0.55801,0.74775,0.7352,0.73205,0.41867,0.35206,0.28721],"triangles":[6,5,7,7,5,8,8,22,9,8,5,22,21,22,4,22,5,4,9,22,10,23,3,20,20,3,24,3,23,4,19,24,2,22,21,10,21,4,23,10,21,11,24,3,2,2,1,19,21,23,11,23,12,11,1,0,19,12,23,13,23,20,13,24,19,18,20,14,13,20,15,14,20,24,15,19,0,18,18,17,24,17,16,24,24,16,15],"vertices":[1,34,225.65,63.18,1,1,34,174.29,76.17,1,1,34,120.71,68.79,1,1,34,109.99,65.89,1,1,34,69.26,58.82,1,1,34,31.61,40.59,1,1,34,-9.93,10,1,1,34,-12.01,-0.11,1,1,34,-9.34,-27,1,1,34,21.35,-89.17,1,1,34,51.32,-135.68,1,1,34,98.51,-160.15,1,1,34,127.46,-168.36,1,1,34,197.38,-164.82,1,1,34,244.11,-139.66,1,1,34,270.84,-101.31,1,1,34,293.33,-21.99,1,1,34,282.74,12.7,1,1,34,250.23,46.08,1,1,34,199.66,26.27,1,1,34,180.28,-66.77,1,1,34,83.48,-105.44,1,1,34,32.67,-76.14,1,1,34,131.53,-99.95,1,1,34,198.98,-16.78,1],"hull":19}},"hod":{"hod":{"type":"mesh","uvs":[0.49013,0.94877,0.53682,0.94973,0.54349,0.92007,0.65279,0.81023,0.66947,0.80203,0.72124,0.79471,0.85152,0.79676,0.92222,0.6819,0.92222,0.64065,0.80226,0.28564,0.7053,0.12957,0.63221,0.06462,0.49081,0,0.23973,0,0.14485,0.09569,0.07131,0.23348,0.04827,0.36285,0.04589,0.7495,0.0583,0.77327,0.1862,0.89703,0.19573,0.92164,0.20288,1,0.2283,1,0.25528,0.91429,0.25668,0.89497,0.19635,0.82251,0.15356,0.73617,0.1283,0.58372,0.10796,0.46115,0.12479,0.31521,0.14514,0.27053,0.16689,0.23792,0.19354,0.23249,0.23985,0.24456,0.38361,0.32053,0.48253,0.38695,0.55759,0.46061,0.61316,0.55207,0.61456,0.65472,0.60432,0.6916,0.54258,0.80632,0.50189,0.85583,0.48155,0.88119,0.71877,0.75867,0.79026,0.63071,0.21087,0.11051,0.74918,0.50327,0.60619,0.2704,0.32701,0.04725,0.07868,0.7115,0.11194,0.77185,0.17576,0.8554],"triangles":[4,39,43,43,6,5,4,43,5,2,40,3,41,40,2,1,0,2,0,42,2,42,41,2,44,6,43,4,3,39,3,40,39,50,26,25,18,50,51,23,22,20,22,21,20,23,20,24,24,20,19,19,51,24,51,25,24,19,18,51,51,50,25,50,49,26,38,37,44,8,44,46,28,49,17,49,27,26,49,28,27,28,17,16,16,15,29,29,15,30,30,15,31,31,15,14,28,16,29,37,36,46,36,47,46,46,47,9,36,35,47,35,34,47,33,48,34,47,48,12,47,34,48,47,10,9,47,11,10,47,12,11,32,45,33,33,45,48,45,32,31,45,31,14,45,13,48,45,14,13,48,13,12,37,46,44,9,8,46,39,38,43,43,38,44,7,44,8,44,7,6,17,49,50,18,17,50],"vertices":[1,63,-80.22,17.27,1,1,63,-75.37,0.06,1,1,63,-62,1.5,1,1,63,-2.97,-24.14,1,1,63,2.39,-29.17,1,1,63,11.34,-47.16,1,1,63,25.14,-95.12,1,3,64,-232.88,-311.62,0.80489,63,81.96,-105.97,0.18011,100,437.83,-167.02,0.015,3,64,-215.34,-306.22,0.81896,63,99.5,-100.57,0.16604,100,440.47,-149.38,0.015,2,64,-77.86,-215.85,0.985,100,423.13,8.3,0.015,2,64,-22.4,-159.93,0.985,100,398.49,83.1,0.015,2,64,-3.01,-124.68,0.985,100,375.88,116.39,0.015,2,64,8.55,-64.46,0.985,100,327.48,154.03,0.015,2,64,-19.73,27.45,0.985,100,232.75,170.56,0.015,1,64,-71.11,49.66,1,1,64,-138,58.55,1,1,64,-195.62,50.05,1,2,64,-360.34,0.32,0.76286,62,38.17,74.9,0.23714,2,64,-369.05,-7.33,0.58857,62,29.46,67.24,0.41143,2,62,-8.77,4.23,1,63,-92.44,135.3,0,1,62,-18.16,-2.49,1,1,62,-50.69,-15.36,1,1,62,-47.82,-24.66,1,1,62,-8.33,-23.32,1,1,62,0.04,-21.31,1,3,64,-374.45,-64.31,0.1568,62,24.07,10.26,0.8232,101,-325.68,-149.26,0.02,3,64,-342.55,-37.35,0.5768,62,55.97,37.23,0.4032,101,-340.31,-103.37,0.02,2,64,-280.55,-8.15,0.98,101,-337.54,-28.05,0.02,2,64,-230.71,15.34,0.98,101,-335.83,27.02,0.02,2,64,-166.74,28.27,0.98,101,-318.31,89.89,0.02,2,64,-145.44,26.67,0.98,101,-307.22,108.14,0.02,2,64,-129.13,22.98,0.98,101,-296.52,121,0.02,2,64,-123.81,13.93,0.98,101,-286.04,121.62,0.02,2,64,-123.73,-4.6,0.98,101,-269.5,113.28,0.02,2,64,-139.85,-67.17,0.98,101,-221.07,70.51,0.02,2,64,-156.96,-112.07,0.98,101,-188.83,34.88,0.02,2,64,-179.84,-149.19,0.98,101,-166.15,-2.36,0.02,2,64,-212.48,-181.5,0.98,101,-152.18,-46.11,0.02,3,64,-255.98,-195.44,0.8148,63,58.86,10.21,0.1652,101,-160.37,-88.78,0.02,3,64,-272.82,-196.52,0.644,63,42.02,9.13,0.336,101,-167.01,-102.1,0.02,2,63,-13.73,16.71,0.98,101,-192.22,-144.35,0.02,1,63,-39.37,25.13,1,1,63,-52.44,29.26,1,2,64,-288.45,-247.2,0.20286,63,26.39,-41.55,0.79714,3,64,-225.97,-256.62,0.84857,63,88.87,-50.97,0.14143,100,391.34,-138.46,0.01,2,64,-69.98,23.55,0.985,101,-270.17,173.96,0.015,2,64,-176.4,-224.9,0.99,100,386.45,-83.61,0.01,2,64,-93.46,-142.09,0.99,100,350.32,27.89,0.01,2,64,-29.99,-10.68,0.99,100,262.06,144.1,0.01,2,64,-340.49,-6.71,0.76286,62,58.03,67.86,0.23714,2,64,-362.41,-26.78,0.58857,62,36.11,47.79,0.41143,2,64,-390.75,-61.08,0.16,62,7.76,13.5,0.84],"hull":43}},"hod_inside":{"hod_inside":{"type":"mesh","uvs":[0,0.7949,0.09829,0.90372,0.18527,1,0.2778,1,0.37455,1,1,0.85217,1,0.61898,0.93483,0.38784,0.75817,0.14033,0.51336,0,0.19031,0,0.03888,0.10147,0,0.31829],"triangles":[5,4,6,7,6,0,6,4,3,6,3,2,6,2,1,1,0,6,7,0,8,8,0,10,10,9,8,11,10,12,10,0,12],"vertices":[2,64,-350.75,-1.77,0.70857,62,37.61,69.5,0.29143,2,64,-381.28,-36.52,0.61714,62,9.97,32.41,0.38286,1,62,-14.48,-0.41,1,1,62,-6.92,-25,1,1,62,0.99,-50.7,1,1,63,16.91,-70.9,1,1,63,93.36,-47.38,1,1,63,163.81,-6.75,1,1,64,-85.93,-158.94,1,1,64,-53.67,-82.08,1,1,64,-73.12,5.6,1,1,64,-116.21,39.17,1,1,64,-191.15,33.62,1],"hull":13}},"layer":{"레이어 82":{"type":"mesh","uvs":[0,0.81769,0.02202,0.7263,0.28914,0.32946,0.53572,0.07693,0.74736,0,0.87866,0,0.84783,0.1587,0.94647,0.18516,1,0.2549,0.89509,0.54832,0.69167,0.92351,0.65468,1,0.28893,1,0,0.87781,0.09166,0.85135],"triangles":[14,1,2,14,2,10,0,1,14,13,0,14,11,12,14,13,14,12,10,11,14,6,4,5,8,9,6,8,6,7,2,3,9,6,3,4,9,3,6,10,2,9],"vertices":[1,8,221.59,-44.09,1,1,8,229.88,-45.11,1,1,82,45.23,22.18,1,1,82,78.96,23.1,1,1,82,100.07,14.41,1,1,82,110.49,5.79,1,1,82,99.13,-2.95,1,1,82,105.47,-11.22,1,1,82,105.8,-19.46,1,1,82,81.01,-32.46,1,1,8,223.21,-115.92,1,1,8,215.98,-113.18,1,1,8,210.25,-75.94,1,1,8,216.36,-44.9,1,1,8,220.09,-53.87,1],"hull":14}},"lip":{"lip":{"type":"mesh","uvs":[0,0.50914,0.0825,0.0995,0.28627,0,1,0,1,0.35553,0.71995,0.86758,0.42735,1,0.15565,1,0,0.80785,0.11907,0.65423,0.4587,0.46647,0.85058,0.16777],"triangles":[11,2,3,11,3,4,10,2,11,9,1,2,9,2,10,0,1,9,8,0,9,5,10,11,5,11,4,6,7,9,10,6,9,8,9,7,5,6,10],"vertices":[3.03,18.9,13.75,11.66,13.9,1.24,4.36,-32.41,-5.9,-29.5,-16.94,-12.11,-16.85,2.77,-13.21,15.58,-5.59,21.35,-2.75,14.47,-1.87,-3.07,1.51,-23.99],"hull":9}},"L_arm_1":{"L_arm_1":{"type":"mesh","uvs":[0,0.03605,0.01589,0.01059,0.14971,0,0.26232,0,0.35371,0.09076,0.39451,0.21054,0.4353,0.32467,0.42825,0.35527,0.42186,0.38294,0.41572,0.40956,0.1644,0.42748,0.14497,0.41131,0.1236,0.39352,0.10589,0.36049,0.05179,0.25959,0,0.10019,0.26934,0.39103],"triangles":[10,16,9,9,16,8,8,16,7,6,7,16,16,5,6,10,11,16,11,12,16,12,13,16,5,14,4,2,4,15,2,3,4,13,14,16,14,5,16,4,14,15,1,2,0,2,15,0],"vertices":[1,13,2.55,-34.34,1,1,13,-9.34,-26.5,1,1,13,-5.2,14.35,1,1,13,2.84,47.63,1,1,13,55.77,63.42,1,2,13,119.92,60.69,0.95105,14,-83.68,58.97,0.04895,2,13,181.19,58.65,0.4696,14,-22.39,57.68,0.5304,2,13,196.33,52.78,0.26474,14,-7.18,52,0.73526,2,13,210.02,47.48,0.08832,14,6.57,46.86,0.91168,2,13,223.19,42.38,0.00873,14,19.81,41.92,0.99127,2,13,214.42,-34.1,0.99954,14,11.96,-34.66,4.6E-4,1,13,204.76,-37.85,1,1,13,194.14,-41.97,1,1,13,175.99,-43.12,1,1,13,120.54,-46.65,1,1,13,35.34,-42.26,1,1,14,0.39,0.71,1],"hull":16}},"L_arm_2":{"L_arm_2":{"type":"mesh","uvs":[0,0.05381,0.21858,0,0.57107,0,0.71662,0,0.7131,0.0729,0.70175,0.30857,0.6641,0.31408,0.74667,0.62293,0.81129,0.64235,0.82027,0.73742,0.83642,0.78167,0.86773,0.82445,0.89069,0.85582,0.9154,0.88959,0.94223,0.92962,0.96386,0.9619,0.92617,0.97701,0.83642,0.92305,0.69821,0.89283,0.53487,0.88851,0.42178,0.92089,0.36973,0.9306,0.35266,0.89899,0.32486,0.8475,0.34999,0.83563,0.32141,0.70346,0.13474,0.40011,0.08807,0.26305,0.0755,0.17887,0.03846,0.13544,0,0.09037,0.58885,0.81007,0.33139,0.14842,0.60135,0.87145],"triangles":[33,10,11,33,11,12,23,24,33,33,22,23,33,12,13,14,18,33,19,33,18,33,21,22,33,19,21,14,17,18,13,14,33,20,21,19,16,17,14,16,14,15,0,29,30,0,32,29,1,32,0,28,29,32,4,32,3,27,28,32,4,6,32,5,6,4,26,27,32,26,32,6,26,6,7,25,26,7,31,25,7,9,31,7,9,7,8,24,25,31,10,33,31,10,31,9,24,31,33,3,32,2,32,1,2],"vertices":[2,14,-42.56,-53.97,0.01846,13,159.66,-52.75,0.98154,1,13,152.88,-8.38,1,2,14,-34.95,55.6,0.57407,13,168.61,56.72,0.42593,2,14,-28.79,82.56,0.68397,13,175.1,83.6,0.31603,2,14,-6.48,76.77,0.74508,13,197.33,77.54,0.25492,2,14,65.64,58.06,0.99889,13,269.22,57.96,0.00111,2,14,65.74,50.7,0.99977,13,269.23,50.6,2.3E-4,2,14,164.38,44.24,0.9902,16,-70.59,44.47,0.0098,2,14,173.1,54.84,0.96962,16,-61.87,55.07,0.03038,2,14,202.76,49.8,0.78019,16,-32.2,50.03,0.21981,2,14,217.08,49.68,0.53611,16,-17.89,49.91,0.46389,2,14,231.59,52.46,0.26975,16,-3.38,52.69,0.73025,2,14,242.22,54.5,0.13122,16,7.26,54.73,0.86878,2,14,253.67,56.7,0.04491,16,18.7,56.93,0.95509,2,14,267.14,58.85,0.00507,16,32.17,59.08,0.99493,1,16,43.03,60.81,1,1,16,46.09,52.77,1,2,14,260.63,39.72,0.03599,16,25.66,39.95,0.96401,2,14,245.47,16.25,0.0758,16,10.5,16.48,0.9242,2,14,237.22,-13.7,0.30343,16,2.25,-13.47,0.69657,2,14,242.4,-36.93,0.54331,16,7.44,-36.7,0.45669,2,14,243.19,-47.25,0.5588,16,8.22,-47.02,0.4412,2,14,232.73,-48.19,0.59183,16,-2.24,-47.96,0.40817,2,14,215.69,-49.71,0.70442,16,-19.28,-49.48,0.29558,2,14,213.1,-44.22,0.74707,16,-21.87,-43.99,0.25293,2,14,171.17,-40.2,0.99737,16,-63.79,-39.97,0.00263,1,14,69.82,-53.41,1,2,14,25.62,-52.39,0.92805,13,227.86,-52,0.07195,2,14,-0.84,-48.79,0.44529,13,201.44,-48.08,0.55471,2,14,-15.79,-52.59,0.15952,13,186.45,-51.7,0.84048,2,14,-31.3,-56.54,0.04206,13,170.89,-55.46,0.95794,2,14,215.34,1.82,0.99641,16,-19.62,2.05,0.00359,1,14,0.62,0.75,1,2,14,234.78,-0.19,0.001,16,-0.19,0.04,0.999],"hull":31}},"L_arm_2_in":{"L_arm_2_in":{"type":"mesh","uvs":[0,0.40251,0.19707,0,0.79415,0,1,0.53323,1,1,0.51002,1,0.00354,0.62372,0.49355,0.40248],"triangles":[3,7,2,5,3,4,7,1,2,5,6,7,6,0,1,6,1,7,3,5,7],"vertices":[1,16,1.94,-39.69,1,1,16,-10.32,-15.66,1,1,16,3.66,45.46,1,1,16,30.83,61.42,1,1,16,50.39,56.94,1,1,16,38.92,6.79,1,1,16,11.29,-41.45,1,1,16,13.49,10.83,1],"hull":7}},"L_eye":{"L_eye":{"type":"mesh","uvs":[0,0.22642,0.26297,0,0.81014,0,1,0.21268,1,0.67077,0.72743,1,0.2757,1,0,0.60434,0.57473,0.37072],"triangles":[8,1,2,8,2,3,8,7,0,8,0,1,8,3,4,6,7,8,5,6,8,4,5,8],"vertices":[9.77,11.11,13.28,2.74,9.25,-11.47,2.73,-14.96,-8.29,-11.83,-14.2,-2.51,-10.87,9.23,0.68,13.69,2.06,-2.83],"hull":8}},"L_eyeild":{"L_eyeild":{"type":"mesh","uvs":[0,0.77445,0.05908,0.89171,0.18505,0.8084,0.35744,0.91949,0.40164,1,0.45027,1,0.46353,0.94726,0.70284,0.90572,0.83899,0.71562,0.85053,0.54647,1,0.20413,1,0,0.78325,0.01419,0.51503,0.03176,0.1409,0.31731,0,0.55574,0.46102,0.42532,0.72108,0.42568,0.5958,0.42326],"triangles":[17,12,11,18,13,12,16,14,13,18,16,13,17,18,12,10,17,11,9,17,10,8,17,9,2,0,15,2,14,16,2,15,14,1,0,2,7,18,17,7,17,8,3,2,16,6,16,18,6,3,16,18,7,6,4,3,6,5,4,6],"vertices":[13.95,-26.51,6.77,-29.02,8.48,-39.19,-0.66,-49.86,-5.66,-51.84,-6.64,-55.3,-4.22,-57.01,-6.94,-74.64,0.01,-87.09,8.4,-90.35,22.84,-105.94,33.25,-108.9,36.9,-93.26,41.42,-73.91,34.41,-43.15,25.1,-29.67,22.44,-64.38,17.17,-82.88,19.82,-74],"hull":16}},"L_eye_white":{"L_eye_white":{"type":"mesh","uvs":[0,0.58406,0.31207,0,0.91157,0,1,0.15162,1,0.46971,0.84533,0.84393,0.54895,1,0.17847,1,0,0.89175,0.50629,0.51961],"triangles":[2,3,4,9,1,2,9,2,4,0,1,9,5,9,4,7,8,0,9,7,0,6,9,5,7,9,6],"vertices":[18.22,-38.11,29.13,-57.43,20.96,-86.26,15.81,-89.4,7.55,-87.06,-0.06,-76.86,-0.07,-61.45,4.98,-43.63,10.23,-35.84,12.99,-62.94],"hull":9}},"L_finger_1":{"L_finger_1":{"type":"mesh","uvs":[0,0.01591,0,0.12357,0.08967,0.20421,0.26023,0.3576,0.32849,0.42038,0.38583,0.52084,0.38037,0.59785,0.33941,0.7276,0.35853,0.94804,0.4186,1,0.61793,1,0.64523,0.94106,0.73534,0.81968,0.7763,0.60204,0.8036,0.52112,0.85275,0.46252,1,0.34393,1,0.24287,0.91282,0.13544,0.74626,0.03499,0.60427,0,0.60974,0.49355,0.62885,0.09732],"triangles":[10,9,11,9,8,11,11,8,12,12,8,7,12,7,13,13,7,6,21,13,6,21,6,5,13,21,14,14,21,15,5,4,21,15,21,16,16,21,4,4,3,16,3,22,16,3,2,22,22,17,16,22,18,17,2,1,22,22,19,18,1,0,22,0,20,22,22,20,19],"vertices":[1,18,-9.62,-44.74,1,1,18,5.12,-44.26,1,1,18,15.96,-37.63,1,2,18,36.58,-25.02,0.98313,19,-15.06,-26.54,0.01687,2,18,45.03,-19.97,0.86609,19,-7.12,-20.73,0.13391,2,18,58.65,-15.51,0.28143,19,6.04,-15.04,0.71857,2,18,69.21,-15.55,0.02078,19,16.55,-14.11,0.97922,1,19,34.55,-14.75,1,1,19,64.35,-9.68,1,1,19,70.89,-4.62,1,1,19,69.16,9.23,1,1,19,60.91,10.12,1,1,19,43.63,14.32,1,2,18,68.89,12.17,7.2E-4,19,13.69,13.46,0.99928,2,18,57.75,13.72,0.23181,19,2.45,13.99,0.76819,2,18,49.61,16.9,0.67506,19,-5.94,16.4,0.32494,2,18,33.04,26.68,0.98159,19,-23.34,24.62,0.01841,2,18,19.2,26.23,0.99988,19,-37.08,22.9,1.2E-4,1,18,4.69,19.66,1,1,18,-8.69,7.56,1,1,18,-13.16,-2.53,1,1,19,0.38,0.05,1,1,18,0.11,-0.38,1],"hull":21}},"L_finger_2":{"L_finger_2":{"type":"mesh","uvs":[0,0.17466,0.10879,0,0.39337,0,0.42846,0.06747,0.59609,0.12313,0.65066,0.23237,0.73253,0.20351,0.89626,0.22825,0.94694,0.33543,0.91965,0.62194,1,0.65904,1,0.97106,0.76372,0.97106,0.5649,0.91334,0.44015,0.78349,0.46354,0.58355,0.33879,0.56294,0.13998,0.46606,0.15167,0.37124,0,0.28879,0.0815,0.26612,0.331,0.4269,0.75982,0.86594,0.69745,0.55469],"triangles":[3,20,0,19,0,20,0,1,3,3,1,2,3,5,20,5,3,4,5,18,20,19,20,18,21,18,5,17,18,21,5,8,23,7,5,6,8,5,7,21,5,23,15,16,21,17,21,16,23,15,21,9,23,8,9,14,23,22,9,10,14,15,23,9,22,14,13,14,22,11,12,22,13,22,12,11,22,10],"vertices":[62.66,28.94,77.36,22.63,76.23,9.59,70.24,8.49,64.75,1.23,55.06,-0.45,57.24,-4.42,54.44,-11.73,44.95,-13.25,20.23,-9.84,16.69,-13.24,-10.35,-10.89,-9.41,-0.06,-3.62,8.62,8.14,13.35,25.37,10.78,27.66,16.34,36.85,24.72,45.02,23.47,52.77,29.8,54.41,25.89,39.48,15.67,-0.28,-0.67,26.94,-0.16],"hull":20}},"L_hand":{"L_hand":{"type":"mesh","uvs":[0.07545,0.19024,0.07812,0.10526,0.07962,0.05749,0.22619,0,0.48169,0.01274,0.56884,0.06528,0.5879,0.10356,0.61601,0.16001,0.79067,0.51084,0.81048,0.74518,0.56686,0.8483,0.34503,0.75686,0.12319,0.53894,0.06773,0.43581,0.29954,0.059],"triangles":[14,6,7,14,4,5,14,5,6,12,13,14,7,12,14,11,7,8,11,12,7,10,11,8,9,10,8,0,1,14,1,2,14,14,3,4,2,3,14,14,13,0],"vertices":[3,16,12.83,-41.56,0.49758,17,-12.33,-43.49,0.45765,18,2.23,-65.76,0.04477,3,16,-1.16,-37.91,0.72089,17,-25.8,-38.25,0.27065,18,-12.23,-65.78,0.00846,3,16,-9.02,-35.85,0.78568,17,-33.37,-35.3,0.21159,18,-20.35,-65.8,0.00273,2,16,-13.09,-9.81,0.97641,17,-34.41,-8.97,0.02359,3,16,-1.46,31.3,0.30321,17,-18.12,30.53,0.02476,18,-30.12,1.07,0.67203,3,16,10.49,43.5,0.09355,17,-4.84,41.27,3.0E-5,18,-21.66,15.9,0.90643,2,16,17.54,45.15,0.0489,18,-15.26,19.3,0.9511,3,16,27.94,47.58,0.00882,17,12.97,43.31,0.00297,18,-5.82,24.3,0.98821,2,17,78.93,50.89,0.8853,18,52.85,55.37,0.1147,1,17,117.58,40.71,1,2,17,120.52,-3.5,0.9928,18,111.39,19.87,0.0072,2,17,93.5,-33.22,0.49038,18,97.05,-17.66,0.50962,3,16,72.39,-47.01,0.01821,17,46.21,-55.77,0.31652,18,61.22,-55.88,0.66527,3,16,53.24,-52.13,0.06703,17,26.59,-58.65,0.50794,18,44,-65.71,0.42503,1,16,-0.58,-0.11,1],"hull":14}},"L_leg":{"L_leg":{"type":"mesh","uvs":[0,0.0556,0.14515,0.02028,0.22852,0,0.3656,0,0.3808,0.03699,0.40539,0.0968,0.44032,0.30812,0.45795,0.34335,0.51097,0.39976,0.52501,0.4147,0.54104,0.43176,0.60192,0.43609,0.71649,0.63724,0.79707,0.79089,0.89778,0.89082,0.84742,0.97538,0.82602,0.97794,0.66613,0.91837,0.64095,0.88057,0.63718,0.78833,0.58967,0.70693,0.51287,0.62237,0.43608,0.56215,0.39327,0.55831,0.36759,0.49828,0.36911,0.48747,0.36203,0.48155,0.3425,0.47071,0.31483,0.44468,0.1725,0.31081,0.05793,0.2061,0.01633,0.11961,0,0.08567,0.40846,0.49247,0.47092,0.49415,0.53229,0.46571,0.50532,0.55701,0.60186,0.51028,0.57007,0.53364,0.15889,0.04026,0.41485,0.43921],"triangles":[40,9,10,27,28,40,26,27,40,35,40,10,35,10,11,25,26,40,33,25,40,34,33,40,35,34,40,24,25,33,37,35,11,12,37,11,34,35,37,38,34,37,36,34,38,23,24,33,22,23,33,34,22,33,36,22,34,21,36,38,22,36,21,38,37,12,21,38,12,20,21,12,13,19,20,13,20,12,18,19,13,18,13,14,17,18,14,14,16,17,15,16,14,39,1,2,39,2,3,39,3,4,0,1,39,32,0,39,31,32,39,30,31,39,39,5,30,5,39,4,29,5,6,29,30,5,29,7,28,7,29,6,40,7,8,40,8,9,40,28,7],"vertices":[1,5,-11.14,-115.79,1,1,5,-26.26,-0.94,1,1,5,-34.95,65.02,1,1,5,-4.36,158.86,1,1,5,48.8,153.04,1,1,5,134.76,143.65,1,1,5,426.84,74.88,1,1,5,478.17,71.49,1,2,5,565.89,83.05,0.7643,6,-25.83,84.29,0.2357,2,5,589.13,86.11,0.54005,6,-2.48,86.31,0.45995,2,5,615.64,89.6,0.24149,6,24.17,88.61,0.75851,2,5,635.06,129.38,0.06287,6,45.34,127.48,0.93713,1,6,340.79,104.47,1,1,6,564.7,82.22,1,1,6,722.59,100.3,1,1,6,821.81,24.24,1,1,6,819.78,8.54,1,1,6,700.35,-69.53,1,1,6,643.91,-67.67,1,1,6,520.78,-24.25,1,1,6,400.94,-15.71,1,1,6,269.48,-25.34,1,1,6,170.26,-47.09,1,1,6,154.32,-74.02,1,2,5,666.44,-58.31,0.00864,6,68.31,-61.42,0.99136,2,5,652.23,-52.52,0.04698,6,54.37,-55.01,0.95302,2,5,642.68,-54.78,0.10303,6,44.73,-56.83,0.89697,2,5,623.75,-63.39,0.27762,6,25.43,-64.59,0.72238,2,5,582.55,-70.92,0.74047,6,-16.06,-70.27,0.25953,1,5,370.69,-109.64,1,1,5,204.26,-142.14,1,1,5,78.62,-132.69,1,1,5,29.31,-128.98,1,2,5,667.74,-27.78,0.00198,6,70.97,-30.98,0.99802,1,6,89.03,10.28,1,2,5,659.37,68.73,0.04548,6,66.92,65.8,0.95452,1,6,181,2.14,1,1,6,143.59,90.48,1,1,6,166.47,57.42,1,1,5,3.68,-0.3,1,2,5,597.51,-0.05,0.4303,6,2.05,-0.14,0.5697],"hull":33}},"L_weapon":{"L_weapon":{"type":"mesh","uvs":[0,0,0.10857,0,0.21709,0.11332,0.25821,0.18348,0.31778,0.16974,0.30062,0.23499,0.31071,0.30825,0.39452,0.35404,0.46015,0.41586,0.46823,0.50767,0.58505,0.57697,0.66482,0.73266,0.7502,0.83417,0.89863,0.93376,1,0.96009,1,1,0.79866,1,0.67447,0.93376,0.56898,0.81061,0.48416,0.70186,0.3539,0.58166,0.25512,0.50034,0.19958,0.47172,0.13193,0.33435,0.13092,0.28513,0.15111,0.22789,0.01938,0.08037,0,0.03115],"triangles":[27,0,1,26,27,1,2,26,1,25,2,3,25,26,2,5,3,4,6,23,24,6,24,25,5,25,3,6,25,5,22,23,6,21,22,6,21,6,7,20,21,7,20,7,8,20,8,9,19,9,10,20,9,19,19,10,11,18,19,11,17,11,12,18,11,17,16,12,13,17,12,16,13,14,15,16,13,15],"vertices":[-42.9,-14.82,0.86,33.73,89.3,41.96,133.54,35.41,152.13,66.94,170.95,36.06,203.92,14.53,255.76,35.73,306.59,43.1,346.06,14.07,420.48,41.68,514.04,22,588.49,24.09,687.59,55.06,738.84,91.03,754.58,76.84,673.43,-13.19,597.25,-45.18,506.16,-48.57,429.08,-47.84,329.17,-63.35,257.28,-78.62,223.6,-93.28,142.16,-74.69,122.33,-57.65,107.9,-28.27,-3.39,-34.73,-30.61,-25.9],"hull":28}},"pelvis":{"pelvis":{"type":"mesh","uvs":[0.43737,1,0.45637,1,0.5428,0.92015,0.71222,0.76365,0.74473,0.74528,0.86912,0.69753,1,0.68705,1,0.64527,0.95503,0.4892,0.9607,0.36508,0.84437,0,0.7825,0,0.48899,0,0.43179,0.00425,0.22699,0.01947,0.15703,0.02467,0.08893,0.23604,0.05867,0.43636,0.02746,0.82224,0.05394,0.81732,0.1561,0.74126,0.16971,0.74434,0.41873,1,0.65777,0.68078,0.20773,0.67687],"triangles":[9,8,11,13,24,14,23,13,12,23,12,11,14,16,15,9,11,10,2,1,23,23,1,0,0,13,23,2,23,3,3,23,4,4,23,5,5,23,6,7,6,8,8,6,11,23,11,6,24,13,0,21,24,22,24,0,22,20,19,18,20,18,17,21,20,24,14,24,20,20,17,16,14,20,16],"vertices":[3,2,-32.54,-173.68,0.24419,3,107.11,103.6,0.40258,5,71.39,-125.01,0.35323,3,2,-24.29,-173.68,0.24517,3,106.86,111.85,0.39021,5,73.95,-117.17,0.36461,4,2,13.22,-147.02,0.23655,3,79.06,148.53,0.25709,5,60.22,-73.24,0.50635,7,-151.49,4.14,0,4,2,86.75,-94.74,2.1E-4,3,24.58,220.43,1.4E-4,5,33.31,12.87,0.98876,7,-107.27,-74.49,0.01089,4,2,100.86,-88.61,1.3E-4,3,18.02,234.35,1.2E-4,5,31.85,28.18,0.94771,7,-102.65,-89.17,0.05204,4,2,154.84,-72.66,0,3,0.43,287.82,5.0E-5,5,33.42,84.45,0.80125,7,-92.49,-144.54,0.1987,4,3,-4.79,344.49,4.0E-5,5,47.7,139.54,0.76424,7,-95,-201.39,0.23073,99,573.74,1057.17,0.005,4,3,-18.74,344.07,4.0E-5,5,34.43,143.87,0.76032,7,-81.12,-202.86,0.23465,99,587.7,1056.56,0.005,4,3,-70.25,322.97,2.0E-5,5,-21.18,141.47,0.63731,7,-27.23,-188.95,0.35766,99,641.02,1073.98,0.005,4,3,-111.76,324.17,2.0E-5,5,-59.83,156.66,0.50302,7,13.74,-195.77,0.49196,99,682.79,1070.18,0.005,4,3,-232.11,270,7.0E-5,5,-191.41,146.45,0.19608,7,140.32,-158.43,0.79885,99,807.17,1117.81,0.005,4,3,-231.29,243.16,8.0E-5,5,-199.74,120.92,0.17388,7,143.15,-131.73,0.82104,99,808,1144.77,0.005,3,5,-239.22,-0.19,1.9E-4,7,156.59,-5.05,0.99481,99,811.39,1273.09,0.005,5,2,-34.96,158.9,1.7E-4,3,-225.24,91.07,0.01435,5,-245.56,-24.23,6.0E-5,7,157.79,19.78,0.98043,99,810.7,1298.21,0.005,5,2,-123.84,153.81,0.01526,3,-217.46,2.38,0.21287,5,-268.28,-110.32,4.0E-5,7,162.11,108.71,0.76683,99,807.79,1390.78,0.005,5,2,-154.2,152.08,0.01829,3,-214.8,-27.92,0.25791,5,-276.04,-139.72,4.0E-5,7,163.59,139.08,0.71876,98,797.84,1208.11,0.005,5,2,-183.76,81.48,0.04319,3,-143.33,-55.31,0.45981,5,-218.07,-189.7,2.0E-5,7,96.5,175.92,0.49198,98,726.19,1239.62,0.005,5,2,-196.89,14.57,0.0321,3,-76.06,-66.4,0.75792,5,-158.54,-222.92,0,7,31.36,196.03,0.20498,98,657.42,1253.1,0.005,1,3,53.18,-76.02,1,1,3,51.19,-64.58,1,2,3,24.45,-21.04,0.99986,7,-74.38,164.73,1.4E-4,1,3,25.29,-15.11,1,3,2,-40.63,-173.68,0.24308,3,107.36,95.52,0.41452,5,68.88,-132.7,0.3424,3,2,63.12,-67.06,0.0053,3,-2.37,195.97,7.2E-4,5,-0.33,-1.02,0.99398,3,2,-132.2,-65.76,0.00132,3,2.27,0.7,0.99855,5,-62.11,-186.32,1.3E-4],"hull":23}},"R_arm_1":{"R_arm_1":{"type":"mesh","uvs":[0.53824,0.38342,0.50329,0.41144,0.64629,0.51636,0.6839,0.4818,0.70497,0.46243,0.76764,0.42501,0.83601,0.38686,0.82728,0.37309,0.84697,0.34437,0.90758,0.25599,0.93495,0.21607,0.91672,0.19332,0.84949,0.15957,0.75036,0.15627,0.70675,0.16471,0.66687,0.21534,0.6532,0.24616,0.61331,0.27587,0.61374,0.28281,0.59437,0.30078,0.60178,0.31546,0.59209,0.32096,0.56645,0.32977,0.56273,0.36466,0.55248,0.372,0.65062,0.28933,0.74839,0.28791,0.80573,0.2988,0.83293,0.32862,0.65944,0.31175,0.76089,0.33353,0.7381,0.35909,0.73663,0.38179,0.7109,0.22222,0.76751,0.24636,0.86895,0.26719,0.63535,0.40463],"triangles":[36,23,21,24,23,36,0,24,36,1,0,36,3,36,4,2,36,3,1,36,2,15,14,33,11,35,34,33,13,34,9,35,11,25,18,17,26,33,34,27,26,34,16,25,17,16,15,33,16,33,26,35,27,34,26,25,16,29,25,26,25,20,19,25,19,18,20,25,29,28,27,35,30,26,27,30,27,28,29,26,30,8,28,35,8,35,9,31,29,30,7,30,28,7,28,8,31,30,7,31,36,29,32,31,7,29,21,20,32,36,31,36,21,29,23,22,21,6,5,32,6,32,7,4,36,32,4,32,5,33,14,13,34,13,12,34,12,11,10,9,11],"vertices":[2,25,156.49,-39.46,0.03864,26,9.82,-37.19,0.96136,1,26,30.83,-39.16,1,2,25,208.2,31.84,0.07777,26,52.47,39.88,0.92223,2,25,183.71,35.54,0.24674,26,27.71,40.57,0.75326,2,25,169.98,37.62,0.52423,26,13.83,40.96,0.47577,2,25,139.77,49.06,0.98034,26,-17.55,48.64,0.01966,1,25,108.21,62.23,1,1,25,102.44,55.68,1,1,25,84.03,54.85,1,1,25,27.38,52.28,1,1,25,1.79,51.12,1,1,25,-7.1,39,1,1,25,-13.54,7.43,1,1,25,1.4,-26.99,1,1,25,13.17,-39.55,1,1,25,46.5,-39.82,1,2,25,65,-36.4,0.99965,26,-81.36,-45.29,3.5E-4,2,25,87.33,-42.14,0.98147,26,-58.5,-48.27,0.01853,2,25,90.9,-40.18,0.97272,26,-55.19,-45.89,0.02728,2,25,103.61,-42.05,0.92914,26,-42.35,-46.19,0.07086,2,25,110.08,-35.71,0.86058,26,-36.7,-39.11,0.13942,2,25,114.6,-37.55,0.77083,26,-31.99,-40.39,0.22917,2,25,123.54,-43.93,0.64254,26,-22.34,-45.63,0.35746,2,25,142.51,-36.07,0.28409,26,-4.47,-35.52,0.71591,2,25,148.09,-37.63,0.14615,26,1.26,-36.39,0.85385,2,25,88.13,-26,0.98523,26,-59.67,-32.15,0.01477,1,25,70.93,6.73,1,1,25,67.01,28.98,1,1,25,78.11,45.98,1,2,25,98.43,-17.15,0.97536,26,-50.52,-22.11,0.02464,1,25,92.81,22.88,1,1,25,110.08,21.84,1,1,25,122.27,27.27,1,1,25,42.71,-23.12,1,1,25,45.88,2.35,1,1,25,39.76,42.13,1,2,25,151.3,-1.05,0.06153,26,0,0.31,0.93847],"hull":25}},"R_arm_2":{"R_arm_2":{"type":"mesh","uvs":[0,0.98609,0.09045,0.94783,0.18019,0.94783,0.29468,0.96314,0.3426,0.98495,0.37129,1,0.39447,1,0.44739,0.92037,0.47089,0.88501,0.51257,0.8223,0.51367,0.79391,0.6868,0.595,0.75281,0.50623,0.84021,0.38868,0.97486,0.20856,0.97155,0.18782,0.93292,0.14524,0.7762,0.03826,0.68493,0.01275,0.63932,0,0.5753,0,0.49929,0.15284,0.43624,0.27961,0.4539,0.308,0.41734,0.3407,0.24186,0.62889,0.16681,0.64963,0.16349,0.71404,0.11824,0.80356,0.05644,0.87997,0,0.94656,0.33072,0.7156,0.43187,0.88275,0.5762,0.36865,0.70572,0.46138,0.55523,0.17738,0.74519,0.27377,0.71533,0.22834,0.29351,0.86911],"triangles":[8,32,38,28,27,38,29,28,38,38,32,7,30,29,38,1,30,38,2,1,38,4,3,38,2,38,3,38,5,4,0,30,1,38,6,5,7,6,38,37,18,17,37,17,16,19,18,37,37,16,15,37,15,14,36,37,14,13,36,14,35,23,22,35,22,21,33,35,37,33,37,36,23,35,33,34,33,36,34,36,13,12,34,13,11,33,34,11,34,12,31,25,24,24,23,33,31,24,33,11,10,31,11,31,33,38,31,8,25,27,26,25,31,27,38,27,31,8,31,10,9,8,10,7,32,8,35,21,20,20,19,37,35,20,37],"vertices":[1,28,59.82,-61.1,1,2,26,257.93,-32.65,4.3E-4,28,40.7,-42.38,0.99957,2,26,244.49,-12.28,4.8E-4,28,31.39,-19.81,0.99952,2,26,230.85,16.03,0.02089,28,23.4,10.58,0.97911,2,26,228.68,30.21,0.10716,28,23.97,24.91,0.89284,2,26,227.83,39.01,0.15107,28,24.81,33.71,0.84893,2,26,224.36,44.27,0.16936,28,22.41,39.53,0.83064,2,26,198.16,44.22,0.52109,28,-3.33,44.48,0.47891,2,26,186.52,44.2,0.72776,28,-14.75,46.68,0.27224,2,26,165.88,44.17,0.9342,28,-35.02,50.58,0.0658,2,26,159.2,40.12,0.96985,28,-42.35,47.88,0.03015,2,26,87.61,49.3,0.99122,25,244.23,36.91,0.00878,2,26,57.35,50.84,0.90248,25,214.38,42.13,0.09752,2,26,17.27,52.89,0.42641,25,174.85,49.03,0.57359,2,26,-44.24,56.18,0,25,114.19,59.79,1,2,26,-48.51,52.28,0,25,109.48,56.45,1,1,25,103.68,41.83,1,2,26,-53.58,-14.72,0.03341,25,96.3,-9.44,0.96659,2,26,-45.76,-39.3,0.31513,25,101.06,-34.79,0.68487,2,26,-41.85,-51.59,0.45059,25,103.44,-47.46,0.54941,2,26,-32.27,-66.12,0.55789,25,111.19,-63.06,0.44211,2,26,14.21,-60.23,0.93389,25,158.03,-62.87,0.06611,1,26,52.75,-55.35,1,1,26,56.62,-47.04,1,1,26,69.6,-50.39,1,2,26,162.04,-46.58,0.95519,28,-56.08,-37.78,0.04481,2,26,178.04,-60.48,0.85952,28,-43.02,-54.47,0.14048,2,26,193.32,-51.48,0.7137,28,-26.31,-48.55,0.2863,2,26,220.65,-48.19,0.50818,28,1.14,-50.53,0.49182,2,26,247.45,-50.65,0.01724,28,26.98,-58.05,0.98276,1,28,49.77,-65.25,1,2,26,168.63,-13.28,0.99588,28,-43.27,-6.34,0.00412,2,26,191.85,35,0.64971,28,-11.28,36.63,0.35029,1,26,52.22,-10.09,1,2,26,54.1,33.36,0.9139,25,209.03,25.17,0.0861,2,26,11.46,-43.82,0.937,25,157.3,-46.24,0.063,2,26,5.13,13.91,0.34953,25,158.05,11.83,0.65047,2,26,-0.83,0.25,0.63698,25,150.48,-1.01,0.36302,2,26,209.44,1.53,0.01104,28,-0.38,0.42,0.98896],"hull":31}},"R_arm_2_in":{"R_arm_2_in":{"type":"mesh","uvs":[0,0.72879,0.21065,1,0.67189,1,0.91773,0.81078,1,0.58892,1,0.30917,0.95579,0.09569,0.8221,0,0.38729,0,0.17515,0.14035,0.03784,0.4505,0,0.52741],"triangles":[5,7,6,0,11,10,5,3,7,4,3,5,1,9,8,10,9,1,0,10,1,2,8,7,2,7,3,1,8,2],"vertices":[1,28,59.68,-60.08,1,1,28,63.93,-34.85,1,1,28,45.81,9.07,1,1,28,27.4,28.86,1,1,28,13.91,32.46,1,1,28,0.98,27.12,1,1,28,-7.15,18.84,1,1,28,-6.32,4.29,1,1,28,10.78,-37.11,1,1,28,25.6,-54.63,1,1,28,45.33,-61.78,1,1,28,50.37,-63.92,1],"hull":12}},"R_eye":{"R_eye":{"type":"mesh","uvs":[0,0.13835,0.21564,0,0.58823,0,1,0.29015,1,0.83938,0.75934,1,0.26256,1,0,0.71242,0.55511,0.41435],"triangles":[8,1,2,8,2,3,8,7,0,8,0,1,8,3,4,6,7,8,5,6,8,4,5,8],"vertices":[10.13,9.09,11.77,3.7,9.53,-4.19,0.92,-11.16,-10.71,-7.87,-12.66,-1.81,-9.68,8.71,-2.02,12.54,0.96,-1],"hull":8}},"R_eyeild":{"R_eyeild":{"type":"mesh","uvs":[0,0.43132,0.14038,0.27289,0.03599,0.03525,0.15391,0,0.38976,0.12239,0.49802,0,0.7648,0,0.94072,0.23857,1,0.4366,1,0.73761,0.75707,0.96733,0.55988,1,0.43423,1,0.34723,0.76138,0.09979,0.60823,0,0.54486,0.60628,0.55278],"triangles":[1,2,3,16,1,3,15,0,1,16,5,6,16,6,7,16,7,8,4,5,16,16,3,4,15,1,16,14,15,16,16,8,9,13,14,16,10,16,9,11,12,13,13,16,11,10,11,16],"vertices":[12.47,62.26,16.58,52.93,27.54,55.9,27.13,49.15,18.7,37.81,21.88,30.61,17.8,16.24,5.7,9.43,-3.02,8.45,-14.89,11.82,-20.24,27.47,-18.51,38.46,-16.59,45.23,-5.85,47.25,3.97,58.87,7.99,63.53,-1.58,30.96],"hull":16}},"R_eye_white":{"R_eye_white":{"type":"mesh","uvs":[0,0.3921,0.26533,0,0.72647,0,1,0.3751,1,0.61069,0.6838,1,0.30964,1,0,0.70784,0.4721,0.51839],"triangles":[8,1,2,8,2,3,0,1,8,8,3,4,7,0,8,6,7,8,5,8,4,6,8,5],"vertices":[7.03,47.18,13.78,35.06,9.13,18.64,-2.66,11.46,-8.32,13.07,-14.49,26.98,-10.72,40.3,-0.56,49.33,-0.77,31.23],"hull":8}},"R_finger_1":{"R_finger_1":{"type":"mesh","uvs":[0,0.71788,0.1806,0.60002,0.19504,0.54109,0.18679,0.35546,0.22804,0.298,0.36005,0.29653,0.3683,0.2155,0.38686,0.13299,0.46524,0.08732,0.54361,0.0667,0.55393,0,0.65912,0,0.82,0.0829,1,0.21992,1,0.29653,0.8695,0.43501,0.87569,0.54993,0.8365,0.60738,0.74575,0.70609,0.67149,0.75029,0.66118,0.83523,0.57662,0.92509,0.43842,0.97224,0.31673,0.93541,0,0.78808,0.71273,0.56545,0.49053,0.85704,0.88325,0.28124,0.52716,0.56855],"triangles":[17,25,16,18,25,17,18,19,28,24,0,1,19,26,28,28,1,2,20,26,19,26,1,28,23,24,1,21,26,20,26,23,1,22,23,26,22,26,21,27,12,13,27,13,14,12,27,9,15,27,14,5,2,3,9,10,11,12,9,11,8,9,7,15,25,27,25,15,16,9,27,7,27,6,7,27,5,6,25,5,27,28,5,25,5,3,4,28,2,5,18,28,25],"vertices":[1,28,126.05,14.15,1,1,28,113.91,19.96,1,1,28,109.41,19,1,1,31,30.19,20.98,1,1,31,33.5,17.27,1,1,31,30.99,10.45,1,1,31,36.65,7.78,1,1,31,42.2,4.54,1,1,31,43.93,-0.75,1,1,31,43.86,-5.35,1,1,31,48.44,-7.73,1,1,31,46.35,-13.12,1,1,31,37.21,-19.07,1,2,31,23.8,-24.5,0.74571,28,69.88,50.77,0.25429,2,31,18.3,-22.38,0.79143,28,75.35,52.98,0.20857,2,31,10.94,-11.84,0.93143,28,87.93,50.33,0.06857,1,28,96.01,53.96,1,1,28,100.91,53.62,1,1,28,109.83,51.84,1,1,28,114.52,49.33,1,1,28,120.79,51.25,1,1,28,128.95,49.53,1,1,28,135.17,43.85,1,1,28,135.05,36.58,1,1,28,131.06,16.18,1,1,31,4.68,-0.17,1,1,28,125.87,43.18,1,1,31,21.71,-16.81,1,2,31,7.18,9.89,0.64707,28,104.34,36.96,0.35293],"hull":25}},"R_finger_2":{"R_finger_2":{"type":"mesh","uvs":[0,0.11966,0.20283,0,0.35724,0,0.43578,0,0.4754,0.08508,0.56851,0.285,0.60507,0.27122,0.85562,0.11506,0.9572,0.08062,1,0.11736,1,0.27582,0.93282,0.40022,0.70123,0.74699,0.55766,1,0.40868,1,0.29898,0.81589,0.12698,0.46911,0.02473,0.30269,0,0.26242,0.4451,0.70372,0.18752,0.23649],"triangles":[14,19,13,13,19,12,19,5,12,5,6,12,11,6,7,11,12,6,10,7,8,10,11,7,8,9,10,19,4,5,17,18,20,18,0,20,20,2,3,20,1,2,20,0,1,14,15,19,15,16,19,16,20,19,19,20,4,16,17,20,20,3,4],"vertices":[1,29,-13.83,-7.24,1,2,29,-7.21,8.15,0.99367,30,3.41,37.51,0.00633,1,29,0.91,17.04,1,1,29,5.05,21.56,1,1,29,10.02,21.2,1,2,29,21.71,20.36,0.23689,30,19.2,10.37,0.76311,2,29,23.16,22.89,0.09904,30,21.89,9.25,0.90096,1,30,42.01,3.87,1,1,30,49.4,0.61,1,1,30,51.16,-2.69,1,1,30,46.96,-8.65,1,1,30,39.39,-10.32,1,1,30,15.43,-12.97,1,2,29,45.41,-2.46,0.08605,30,-0.42,-16.04,0.91395,2,29,37.57,-11.04,0.5369,30,-9.93,-9.35,0.4631,2,29,25.55,-11.64,0.99181,30,-12.05,2.5,0.00819,1,29,4.72,-10.77,1,1,29,-6.31,-11.49,1,1,29,-8.98,-11.67,1,2,29,29.43,0.26,0.44297,30,0.24,0.16,0.55703,1,29,0.01,-0.07,1],"hull":19}},"R_finger_3":{"R_finger_3":{"type":"mesh","uvs":[0,0.06892,0.16798,0,0.45696,0,1,0.78245,1,0.90547,0.74593,1,0.56375,1,0,0.27191],"triangles":[7,0,1,6,2,3,3,5,6,7,1,2,6,7,2,4,5,3],"vertices":[3.45,-19.85,-3.66,-15.08,-11.14,-3.74,6.15,38.25,11.08,41.5,21.45,34.03,26.16,26.88,11.58,-14.48],"hull":8}},"R_hand":{"R_hand":{"type":"mesh","uvs":[0,0.39782,0.22914,0.13181,0.37401,0,0.72187,0,1,0.09894,1,0.19072,0.9554,0.29633,0.84165,0.56568,0.58939,1,0.54262,1,0.31333,0.798,0.28253,0.72089,0.20839,0.73353,0.08861,0.77525,0.05439,0.79674,0.72443,0.0719],"triangles":[4,15,3,2,3,15,1,2,15,15,4,5,6,15,5,7,15,6,11,1,15,11,15,7,0,1,11,12,0,11,13,0,12,14,0,13,10,11,7,8,9,10,7,8,10],"vertices":[1,28,95.42,-70.49,1,1,28,57.48,-55.43,1,1,28,37.24,-44.39,1,1,28,21.21,-4.73,1,1,28,18.57,31.11,1,1,28,28.01,34.92,1,1,28,40.94,34.23,1,1,28,73.9,32.46,1,1,28,130.22,21.77,1,1,28,132.38,16.43,1,1,28,122.16,-18.12,1,1,28,115.65,-24.84,1,1,28,120.36,-32.77,1,1,28,130.18,-44.69,1,1,28,133.97,-47.7,1,1,28,28.49,-1.44,1],"hull":15}},"R_leg":{"R_leg":{"type":"mesh","uvs":[0,1,0.50495,1,0.74355,0.9743,0.76715,0.89067,0.71733,0.79604,0.74879,0.70215,0.82483,0.59138,0.893,0.58551,0.84056,0.49939,0.80178,0.49868,0.80206,0.48568,0.80236,0.47227,0.80304,0.4415,0.8402,0.37364,0.94974,0.24505,1,0.16789,1,0.06556,0.97712,0.03929,0.79755,0.01277,0.71111,0,0.56372,0,0.50768,0,0.47858,0.01444,0.44375,0.03172,0.34791,0.11818,0.32835,0.19753,0.39087,0.39142,0.4339,0.4664,0.43289,0.47758,0.43136,0.49443,0.42999,0.50963,0.37326,0.58405,0.4339,0.60157,0.4339,0.79261,0.35566,0.88947,0,0.98121,0.46094,0.51674,0.54795,0.5344,0.72539,0.52676,0.80045,0.51053,0.54044,0.60528,0.70937,0.59881,0.6293,0.03035,0.56288,0.02848,0.57482,0.47947],"triangles":[10,44,11,29,28,44,9,44,10,30,29,44,39,44,9,39,9,8,36,30,44,38,44,39,37,36,44,38,37,44,31,30,36,31,36,37,39,8,7,38,39,7,6,38,7,41,37,38,41,38,6,32,31,37,37,40,32,41,40,37,5,41,6,40,41,5,5,33,32,5,32,40,4,33,5,4,3,33,3,34,33,2,34,3,1,0,35,1,34,2,1,35,34,21,42,22,42,43,22,42,20,19,20,42,21,42,19,18,23,22,43,42,18,17,42,17,16,42,16,15,42,15,43,15,14,23,24,14,25,14,26,25,15,23,43,24,23,14,13,26,14,12,26,13,44,27,26,26,12,44,44,28,27,12,11,44],"vertices":[1,4,658.84,-226.75,1,1,4,664.47,-46.57,1,1,4,634.35,39.59,1,1,4,527.96,51.34,1,1,4,406.71,37.34,1,1,4,287.31,52.31,1,1,4,146.89,83.85,1,2,3,707.1,116.84,0,4,140.17,108.41,1,2,3,597.83,94.79,0.11155,4,29.74,93.13,0.88845,2,3,597.35,80.92,0.17344,4,28.41,79.32,0.82656,2,3,580.76,80.52,0.36363,4,11.83,79.94,0.63637,2,3,563.66,80.11,0.55652,4,-5.27,80.58,0.44348,2,3,524.4,79.15,0.88878,4,-44.51,82.05,0.11122,1,3,437.45,89.78,1,1,3,272.26,123.88,1,1,3,173.3,138.82,1,1,3,42.78,134.84,1,1,3,9.53,125.66,1,1,3,-22.35,60.55,1,1,3,-37.69,29.21,1,1,3,-36.09,-23.38,1,1,3,-35.48,-43.38,1,1,3,-16.75,-53.2,1,1,3,5.66,-64.96,1,1,3,116.98,-95.8,1,1,3,218.4,-99.7,1,1,3,465.01,-69.87,1,2,3,560.16,-51.6,0.73685,4,-16.87,-50.66,0.26315,2,3,574.43,-51.53,0.51199,4,-2.62,-51.47,0.48801,2,3,595.95,-51.42,0.20242,4,18.86,-52.68,0.79758,2,3,615.34,-51.32,0.05102,4,38.22,-53.78,0.94898,1,4,132.51,-76.98,1,1,4,155.52,-56.05,1,1,4,399.17,-63.66,1,1,4,521.83,-95.44,1,1,4,634.88,-226,1,2,3,624.07,-40,0.01604,4,47.63,-43.02,0.98396,1,4,71.13,-12.67,1,2,3,633.99,54.75,0.02334,4,63.36,50.95,0.97666,2,3,612.47,80.91,0.09312,4,43.5,78.38,0.90688,1,4,161.45,-18.18,1,1,4,155.07,42.36,1,1,3,1.91,1.2,1,1,3,0.24,-22.58,1,2,3,575.3,-0.81,0.44978,4,1.37,-0.9,0.55022],"hull":36}},"R_weapon":{"R_weapon":{"type":"mesh","uvs":[0.00475,1,0.08739,0.93359,0.31694,0.70048,0.37335,0.56964,0.50452,0.41173,0.57929,0.36511,0.59503,0.29442,0.67898,0.23276,0.70652,0.22224,0.76572,0.11749,0.8393,0.05049,0.87501,0.04056,0.94536,0,1,0,1,0.01947,0.93129,0.07282,0.9064,0.13734,0.93562,0.18572,0.87934,0.29987,0.78872,0.42351,0.74327,0.46446,0.66369,0.54679,0.58577,0.60882,0.49163,0.75027,0.43951,0.79855,0.35619,0.87671,0.2458,0.95736,0.0824,1],"triangles":[12,13,14,15,11,12,15,12,14,16,11,15,16,10,11,18,16,17,16,9,10,18,9,16,8,9,18,19,8,18,19,7,8,20,7,19,6,7,20,5,6,20,21,5,20,4,5,21,22,4,21,3,4,22,23,3,22,2,3,23,24,2,23,25,2,24,26,1,2,25,26,2,27,0,1,27,1,26],"vertices":[791.53,-40.29,729.35,-29.19,537.77,-17.05,462.22,-42.4,343.18,-44.98,292.12,-29.74,257.81,-49.97,196.88,-36.45,180.64,-28.28,113.96,-42.34,55.54,-35.47,35.93,-23.44,-10.82,-7.84,-34.94,16.41,-27.41,23.91,23.58,13.95,59.54,27.75,65.38,59.35,134.41,78.32,222.28,85.71,258.19,81.3,325.2,77.67,383.61,66.98,479.92,79.65,521.62,75.11,588.66,68.22,668.61,50.28,757.26,-5.83],"hull":28}},"shdow":{"shdow":{"x":176.96,"y":232,"width":1684,"height":708}},"shoulder":{"shoulder":{"type":"mesh","uvs":[0.06968,0.08719,0.1333,0.03313,0.44082,0.00996,0.72415,0.28607,0.72335,0.2416,0.76278,0.24297,0.96284,0.41912,0.96003,0.47108,0.84739,0.58047,0.99007,0.709,0.97786,0.76643,0.89603,0.75865,0.81155,0.77643,0.6548,0.85847,0.45331,0.94553,0.30594,0.97972,0.15295,0.97425,0.1445,1,0.10977,1,0.12009,0.95784,0.1445,0.91682,0.1445,0.80743,0.09193,0.6748,0.06002,0.63515,0,0.60761,0,0.57206,0.02473,0.55702,0.03506,0.3779,0.11058,0.41807,0.23366,0.58429,0.1952,0.48531,0.23494,0.67767,0.41314,0.66086,0.66372,0.56374,0.815,0.45356,0.89192,0.44043],"triangles":[18,19,17,17,19,16,31,15,21,15,32,14,15,31,32,19,20,16,15,16,20,14,32,13,15,20,21,13,33,12,13,32,33,21,22,31,12,8,11,12,33,8,10,11,9,11,8,9,22,29,31,31,29,32,29,22,30,33,32,2,24,26,23,22,23,30,23,28,30,23,26,28,24,25,26,30,2,32,8,35,7,33,34,8,8,34,35,32,29,30,33,3,34,33,2,3,26,27,28,28,1,30,30,1,2,7,35,6,3,5,34,34,5,35,35,5,6,27,0,28,28,0,1,3,4,5],"vertices":[1,12,-18.45,12.89,1,1,12,0.43,24.79,1,1,12,93.38,32.82,1,1,12,181.16,-21.62,1,1,12,180.6,-12.38,1,1,12,192.55,-12.26,1,1,12,254.4,-46.78,1,1,12,253.92,-57.62,1,1,12,220.59,-81.53,1,1,12,264.72,-106.76,1,1,12,261.44,-118.83,1,1,12,236.6,-118.06,1,1,12,211.14,-122.64,1,1,12,164.26,-141.33,1,1,12,103.87,-161.53,1,1,12,59.49,-170.18,1,1,12,13.12,-170.64,1,1,12,10.75,-176.08,1,1,12,0.23,-176.44,1,1,12,3.06,-167.57,1,1,12,10.15,-158.79,1,1,12,9.37,-136.05,1,1,12,-7.5,-109.03,1,1,12,-17.45,-101.12,1,1,12,-35.82,-96.02,1,1,12,-36.07,-88.63,1,1,12,-28.69,-85.25,1,1,12,-26.85,-47.9,1,1,12,-3.69,-55.47,1,1,12,34.77,-88.73,1,1,12,22.41,-68.56,1,1,12,35.83,-108.13,1,1,12,89.67,-102.78,1,1,12,164.85,-79.97,1,1,12,209.87,-55.49,1,1,12,233.07,-51.96,1],"hull":28}},"shoulder_cloth":{"shoulder_cloth":{"type":"mesh","uvs":[0.02301,0.29638,0.15112,0.10653,0.25013,0.0873,0.45016,0.04844,0.63688,0.01217,0.69952,0,0.72543,0.02703,0.79623,0.17211,0.86463,0.53883,0.87236,0.57335,0.95358,0.84208,0.94971,0.88152,0.92805,0.87782,0.89634,0.84208,0.82596,0.81989,0.78264,0.82728,0.73396,0.85506,0.69683,0.85259,0.67363,0.8341,0.57806,0.8304,0.54023,0.84791,0.46907,0.91447,0.38012,1,0.26891,1,0.23693,0.98747,0.20162,0.97364,0.14748,0.93173,0.0709,0.93296,0.02681,0.97241,0,0.9946,0,0.68581,0.01212,0.51076,0.01444,0.35051,0.24698,0.7755,0.2531,0.20174,0.45209,0.72513,0.45332,0.35044,0.73776,0.49875,0.69123,0.25481],"triangles":[38,36,3,36,33,34,38,3,4,38,6,7,6,38,4,34,2,3,1,2,34,6,4,5,34,3,36,34,32,0,34,0,1,34,31,32,11,12,10,12,13,10,14,9,13,10,13,9,14,15,9,9,37,8,37,9,15,37,7,8,15,16,18,15,18,37,16,17,18,18,19,37,37,36,38,37,38,7,35,21,22,21,35,20,20,35,19,19,35,37,36,37,35,35,33,36,33,22,23,33,23,24,24,25,33,22,33,35,29,30,28,25,26,33,28,30,27,27,30,26,26,30,33,30,31,33,33,31,34],"vertices":[1,11,38.68,-93.69,1,1,11,76.6,-55.91,1,1,11,106.76,-51.18,1,1,11,167.67,-41.61,1,1,11,224.54,-32.68,1,1,11,243.61,-29.69,1,1,11,251.71,-34.6,1,1,11,274.33,-61.69,1,1,73,17.24,16.93,1,2,73,24.26,17.39,0.98118,97,-20.31,17.39,0.01882,2,72,53.59,86.16,0.00112,97,36.12,27.15,0.99888,2,72,60.81,83.59,0.00119,97,43.07,23.93,0.99881,2,72,58.89,77.21,0.00116,97,40.58,17.75,0.99884,2,72,50.34,68.95,8.7E-4,97,31.32,10.3,0.99913,2,72,42.16,48.58,0.06445,97,21.32,-9.24,0.93555,3,72,41.07,35.3,0.35429,73,63.59,-22.37,0.03842,97,19.02,-22.37,0.60729,3,72,43.39,19.75,0.71215,73,64.48,-38.06,0.02416,97,19.91,-38.06,0.26369,3,72,40.87,8.68,0.88453,73,60.96,-48.86,0.00912,97,16.39,-48.86,0.10635,3,72,36.17,2.29,0.97656,73,55.7,-54.79,0.00167,97,11.13,-54.79,0.02177,4,69,69.44,27.61,0.00643,70,30.89,25.66,0.48441,71,75.66,-25.63,0.00297,72,30.08,-26.34,0.50619,4,69,71.74,15.78,1.2E-4,70,32.42,13.7,0.82329,71,77.09,-37.59,5.8E-4,72,31.24,-38.34,0.17601,2,68,41.82,45.61,0.22409,70,41.67,-9.79,0.77591,2,68,55.53,16.93,0.83324,70,53.67,-39.22,0.16676,2,66,62.04,34.55,0.18381,68,52.24,-16.94,0.81619,2,66,58.58,25.09,0.36862,68,48.9,-26.45,0.63138,2,66,54.77,14.64,0.61302,68,45.21,-36.95,0.38698,2,66,44.97,-0.96,0.97586,68,35.6,-52.66,0.02414,2,65,84.85,-18.8,1.5E-4,66,42.66,-24.28,0.99985,1,66,48.72,-38.51,1,1,66,52.07,-47.13,1,2,65,37.74,-41.22,0.57849,66,-6.87,-40.69,0.42151,2,65,4.08,-38.03,0.98559,66,-39.88,-33.35,0.01441,1,11,36.42,-104.17,1,4,65,53.79,34.61,0.04241,66,18.46,32.57,0.297,67,53.79,-18.81,0.10804,68,8.69,-19.45,0.55255,1,11,108.42,-73.11,1,4,67,45.87,44.2,0.03549,68,5.14,43.95,0.08122,69,45.82,-8.95,0.14013,70,4.95,-9.29,0.74316,4,65,-28.78,96.48,0.00323,67,-26.04,46.58,0.19012,69,-25.79,-2.06,0.62667,71,-21.47,-48.34,0.17998,3,71,20.75,32.92,0.36673,72,-23.43,33.49,0.01006,73,-0.81,-18.3,0.62321,4,67,-42.37,119.86,0.00287,69,-37.48,72.1,0.01714,71,-27.78,26.47,0.68635,73,-49.75,-19.15,0.29364],"hull":33}},"shoulder_cloth_in":{"shoulder_cloth_in":{"type":"mesh","uvs":[0,0.75097,0.0354,1,0.15821,1,0.41366,0.96636,0.51896,0.91912,0.54949,0.89689,0.69796,0.84271,0.75779,0.84013,0.90099,0.81235,0.99049,0.75816,1,0.71648,1,0.63868,0.921,0.45947,0.87572,0.2858,0.81149,0.08902,0.75358,0,0.57037,0,0.30055,0.05602,0.04995,0.17272,0.00257,0.30054],"triangles":[13,16,14,19,18,17,5,17,16,14,16,15,17,3,19,13,6,16,3,0,19,11,8,12,11,10,8,10,9,8,13,12,6,8,7,12,12,7,6,5,16,6,4,17,5,17,4,3,2,1,0,3,2,0],"vertices":[2,80,49.59,-60.98,0.49855,81,1.59,-61.24,0.50145,2,80,102.9,-48.6,0.04235,81,55.63,-52.57,0.95765,2,80,101.41,-13.64,0.00143,81,56.55,-17.58,0.99857,5,81,51.21,55.39,0.03238,79,40.49,-0.87,0.96057,77,46.59,-58.05,0.00704,74,70.83,-117.94,0,75,34.24,-117.97,1.0E-5,4,79,34.89,29.89,0.56718,77,39.93,-27.07,0.43245,74,67.86,-86.38,4.0E-5,75,31.3,-86.41,3.3E-4,4,79,31.92,38.97,0.33115,77,36.17,-17.87,0.66829,74,65.2,-76.8,6.0E-5,75,28.65,-76.83,5.1E-4,5,79,26,82.13,9.2E-4,76,73.79,26.2,0.00845,77,29.44,25.52,0.56158,74,63.62,-32.93,0.02005,75,27.11,-32.96,0.409,5,79,26.66,99.17,3.6E-4,76,74.81,43.23,0.00779,77,30.86,42.52,0.19102,74,67.03,-16.21,0.00944,75,30.54,-16.24,0.79139,2,75,34.2,24.85,0.29637,97,61.21,-8.09,0.70363,2,75,28.75,52.38,0.00152,97,56.94,19.65,0.99848,1,97,49.03,24.72,1,1,97,32.87,29.33,1,2,73,34.04,18.28,0.80532,97,-10.53,18.28,0.19468,3,78,-48.96,137.33,0.00147,76,-41.31,87.75,0.00366,73,-5.57,16.16,0.99486,1,11,270.17,-68.02,1,1,11,253.01,-49.37,1,1,11,200.83,-51.17,1,1,11,124.39,-65.92,1,1,11,53.88,-93.57,1,1,11,41.34,-121.63,1],"hull":20}},"shoulder_in":{"shoulder_in":{"type":"mesh","uvs":[0,0.72496,0.08978,0.42985,0.46196,0,0.92488,0.00358,1,0.20032,1,0.31181,0.836,0.62003,0.57492,0.90858,0.38049,1,0.05645,0.96761,0,0.93482],"triangles":[3,4,5,6,2,3,6,3,5,7,2,6,9,10,0,1,9,0,8,1,2,8,2,7,9,1,8],"vertices":[-120.62,-20.63,-98.47,1.39,-4.69,35.59,113.29,39.41,132.93,25.91,133.2,17.89,92.17,-5.73,26.35,-28.79,-22.97,-37.08,-105.63,-37.6,-120.1,-35.73],"hull":11}},"side_hair_1":{"side_hair_1":{"type":"mesh","uvs":[0.39703,0,0.72662,0.11794,1,0.21577,1,0.423,0.96681,0.45792,0.93893,0.57731,0.84483,0.65615,0.69003,0.75429,0.53319,0.83652,0.47394,0.92305,0.42863,1,0.30316,1,0.24042,0.93769,0.24042,0.80478,0,0.84984,0.02085,0.81605,0.18117,0.76649,0.31013,0.66061,0.20906,0.56715,0.33104,0.48493,0.42863,0.38243,0.43908,0.3503,0.36589,0.07855,0.28922,0],"triangles":[9,10,12,10,11,12,12,13,9,9,13,8,14,15,13,8,13,7,15,16,13,13,16,7,16,17,7,7,17,6,17,18,6,6,18,5,5,18,19,5,19,4,19,20,4,4,20,3,20,21,3,21,2,3,21,1,2,21,22,1,22,0,1,22,23,0],"vertices":[1,38,-33.82,-18.7,1,1,38,-14.31,-0.23,1,1,38,1.88,15.1,1,2,38,37.91,16.91,0.31752,39,3.2,17.24,0.68248,3,38,44.08,15.46,0.10892,39,9.86,16.33,0.89038,40,-26.41,14.22,7.0E-4,2,39,31.94,17.71,0.63413,40,-3.19,17.52,0.36587,2,39,47.13,14.66,0.08552,40,13.16,15.79,0.91448,2,40,34.01,11.7,0.61085,41,-0.44,11.71,0.38915,2,40,51.85,6.87,6.0E-5,41,18.87,8.45,0.99994,1,41,37.18,10.33,1,1,41,53.33,12.38,1,1,41,55.7,6.08,1,1,41,44.5,-0.57,1,2,40,49.68,-9.48,0.00427,41,18.09,-8.03,0.99573,1,41,31.58,-17.57,1,1,41,24.47,-18.42,1,2,40,43.15,-14.05,0.05761,41,11.6,-13.16,0.94239,3,39,52.26,-13.29,0.01979,40,21.16,-11.6,0.92673,41,-11.89,-12.62,0.05348,2,39,35.96,-20.82,0.38118,40,4.62,-20.52,0.61882,3,38,50.68,-17.95,7.3E-4,39,19.93,-16.38,0.87022,40,-12.75,-17.49,0.12905,2,38,32.57,-13.68,0.47248,39,0.38,-13.7,0.52752,2,38,26.95,-13.41,0.8024,39,-5.59,-13.92,0.1976,1,38,-20.07,-19.66,1,1,38,-33.5,-24.41,1],"hull":24}},"side_hair_2":{"side_hair_2":{"type":"mesh","uvs":[0.6756,0.04188,0.82405,0,0.9527,0,1,0.22448,1,0.47788,0.97154,0.53985,0.83634,0.66554,0.70438,0.77734,0.55901,0.87422,0.51942,0.9239,0.51282,1,0.40726,1,0.32479,0.9239,0.3083,0.86304,0.35448,0.83571,0.19614,0.8618,0,0.86925,0,0.82205,0.15985,0.80093,0.35118,0.7351,0.48973,0.64083,0.60519,0.50171,0.66127,0.36374,0.66457,0.14885],"triangles":[10,11,9,11,12,9,8,9,13,8,13,14,13,9,12,8,14,7,16,17,15,17,18,15,15,18,14,18,19,14,14,19,7,19,20,7,7,20,6,20,21,6,6,21,5,5,21,4,21,22,4,22,3,4,22,23,3,3,23,2,2,23,0,0,1,2],"vertices":[1,42,-0.87,-11.44,1,1,42,-8.5,-2.86,1,1,42,-9.04,4.97,1,2,42,28.28,10.29,0.98706,43,-11.59,9.48,0.01294,2,43,31.89,15.38,0.8391,44,-8.26,14.83,0.1609,2,43,42.78,15.11,0.42249,44,2.99,15.37,0.57751,2,44,26.9,11.84,0.99996,45,-13.14,10.93,4.0E-5,2,44,48.32,8.01,0.05005,45,9.26,8.71,0.94995,1,45,29.25,4.97,1,1,45,38.84,5.09,1,1,45,52.5,8.43,1,1,45,54.51,2.28,1,1,45,42.55,-6.26,1,1,45,32.03,-10.2,1,1,45,26.29,-8.85,1,1,45,33.95,-16.8,1,1,45,39,-27.88,1,1,45,30.61,-30.19,1,1,45,23.81,-21.9,1,2,44,45.87,-14.53,0.08231,45,8.46,-13.96,0.91769,2,44,27.42,-9.68,0.97429,45,-10.94,-10.5,0.02571,2,43,39.55,-7.9,0.37249,44,1.44,-7.82,0.62751,2,42,53,-8.81,5.6E-4,43,15.37,-7.73,0.99944,1,42,17.06,-10.95,1],"hull":24}},"side_hair_3":{"side_hair_3":{"type":"mesh","uvs":[0.39421,0,0.585,0.17752,1,0.54269,1,0.74494,0.89458,0.86203,0.61685,0.98062,0.46926,1,0.31087,1,0.43326,0.96091,0.58445,0.89599,0.38286,0.93888,0.19567,0.95859,0,0.95395,0,0.92961,0.13448,0.89831,0.15608,0.86817,0.23887,0.84382,0.39006,0.7823,0.44046,0.74753,0.46566,0.65186,0.45846,0.53129,0.37567,0.42846,0.30367,0.3079,0.28567,0.20795,0.29647,0.07927,0.29647,0,0.73735,0.81396,0.76621,0.73991,0.80332,0.48631,0.81569,0.57188,0.36217,0.8576,0.5477,0.78856,0.65077,0.57745,0.60954,0.72693,0.49244,0.31224,0.60933,0.47416],"triangles":[31,18,33,17,18,31,27,31,33,26,31,27,30,16,17,30,17,31,3,26,27,4,26,3,9,31,26,9,26,4,30,31,9,10,30,9,11,12,13,15,16,30,14,15,30,30,10,14,11,14,10,11,13,14,5,9,4,8,9,5,6,8,5,7,8,6,29,28,2,32,28,29,19,20,32,33,19,32,27,32,29,33,32,27,29,2,3,27,29,3,18,19,33,35,34,28,21,34,35,28,1,2,20,21,35,32,35,28,20,35,32,24,25,0,24,0,1,23,24,1,34,22,23,1,34,23,21,22,34,1,28,34],"vertices":[1,55,-20.29,3.22,1,1,55,14.73,6.21,1,2,56,46.09,17.18,0.35087,57,1.2,17.56,0.64913,2,57,43.38,18,0.57636,58,-1.77,17.96,0.42364,2,57,67.59,12.22,0.00246,58,24.47,15.92,0.99754,1,58,52.26,4.13,1,1,58,57.53,-3.61,1,1,58,58.66,-12.62,1,1,58,49.28,-6.98,1,1,58,34.07,-0.58,1,1,58,44.84,-10.6,1,1,58,50.46,-20.58,1,1,58,50.84,-31.87,1,1,58,45.54,-32.7,1,1,58,37.77,-26.11,1,1,58,31.06,-25.9,1,1,58,25.17,-22.01,1,2,57,49.95,-16.85,0.05688,58,10.7,-15.49,0.94312,2,57,42.79,-14.04,0.31661,58,2.77,-13.8,0.68339,2,57,22.89,-12.8,0.98613,58,-18.23,-15.6,0.01387,2,56,38.13,-12.99,0.63101,57,-2.27,-13.48,0.36899,2,55,57.3,-16.06,0.02423,56,17.18,-14.8,0.97577,2,55,34.34,-14.9,0.84128,56,-7.12,-15.5,0.15872,1,55,15.92,-11.64,1,1,55,-7.31,-5.56,1,1,55,-21.71,-2.19,1,2,57,57.25,3.11,0.00413,58,15.13,5.35,0.99587,2,57,41.86,4.6,0.61353,58,-1.2,4.48,0.38647,2,56,33,7.68,0.95248,57,-10.96,6.17,0.04752,2,56,49.84,5.99,0.07996,57,6.92,7.07,0.92004,1,58,27.29,-14.53,1,2,57,51.57,-7.81,0.03537,58,10.94,-6.31,0.96463,2,56,49.18,-3.45,0.0254,57,7.75,-2.36,0.9746,2,57,38.84,-4.4,0.71744,58,-2.91,-4.87,0.28256,2,55,37.87,-4.65,0.87652,56,-4.27,-4.99,0.12348,2,56,28.57,-2.91,0.99435,57,-13.88,-4.96,0.00565],"hull":26}},"side_hair_4":{"side_hair_4":{"type":"mesh","uvs":[0.43974,0.44131,0.73047,0.53678,0.89935,0.59223,1,0.62528,1,0.65696,1,0.68794,1,0.73592,1,0.79439,1,0.87815,0.91134,0.89715,0.65074,0.95298,0.40809,0.98183,0.23401,0.98416,0.35006,0.94129,0.49249,0.88595,0.56634,0.79786,0.55228,0.73461,0.5426,0.69107,0.51266,0.63728,0.47666,0.57262,0.79092,0.79505,0.71454,0.88196,0.58469,0.92511,0.76415,0.60837,0.77712,0.72998,0.77336,0.64781],"triangles":[12,13,11,11,22,10,11,13,22,10,21,9,10,22,21,13,14,22,22,14,21,14,15,21,9,21,20,21,15,20,8,9,20,20,7,8,20,15,24,15,16,24,7,20,6,20,24,6,24,5,6,16,17,24,17,25,24,24,25,5,17,18,25,25,4,5,25,3,4,18,23,25,25,2,3,25,23,2,18,19,23,19,1,23,23,1,2,19,0,1],"vertices":[1,59,-39.13,-19.33,1,1,59,-14.08,0.15,1,1,59,0.46,11.46,1,2,59,9.13,18.2,0.99802,60,-21.99,15.61,0.00198,3,59,16.06,17.18,0.70123,60,-11.6,18.14,0.25777,61,-42.46,13.33,0.041,3,59,24.57,17.09,0.47201,60,-6.54,16.41,0.42153,61,-38.91,4.51,0.10646,3,59,33.5,17.34,0.28282,60,5.79,16.94,0.50011,61,-25.04,14.14,0.21707,3,59,50.8,15.19,0.14716,60,19.72,17.76,0.47315,61,-14.38,13.97,0.37969,3,59,71.43,13.7,0.06406,60,40.38,18.82,0.3658,61,4.92,21.42,0.57014,3,59,75.65,6.91,0.0222,60,45.4,12.6,0.22936,61,11.63,17.07,0.74845,3,59,88.03,-13.05,0.00551,60,60.15,-5.69,0.11847,61,31.34,4.28,0.87602,3,59,93.87,-31.24,0.0016,60,68.18,-23.02,0.06359,61,44.36,-9.68,0.93481,3,59,93.53,-43.95,0.00523,60,69.41,-35.68,0.07755,61,49.48,-21.33,0.91722,3,59,83.57,-34.74,0.02088,60,58.4,-27.76,0.15305,61,36.55,-17.23,0.82607,3,59,70.69,-23.39,0.05981,60,44.21,-18.08,0.2678,61,20.05,-12.45,0.67239,3,59,49.37,-16.44,0.13682,60,22.21,-13.81,0.37506,61,-2.19,-15.26,0.48812,3,59,36.86,-15.45,0.26223,60,6.6,-16.01,0.42677,61,-20.44,-18.49,0.311,3,59,22.94,-16.27,0.43705,60,-4.05,-16.9,0.39363,61,-26.18,-26.37,0.16932,3,59,11.24,-18.54,0.64884,60,-19.19,-17.1,0.28798,61,-45.93,-22.55,0.06318,2,59,-6.59,-18.97,0.87429,60,-33.02,-23.21,0.12571,1,60,20.67,2.52,1,1,61,13.3,2.31,1,1,61,26.65,-2.69,1,1,59,3.73,1.33,1,3,59,33.82,0.92,0.20776,60,4.84,0.55,0.73671,61,-24.1,-2.25,0.05553,3,59,13.82,0.57,0.65426,60,-15.13,1.75,0.30495,61,-44.08,-3.36,0.04078],"hull":20}}}}],"animations":{"animation":{"slots":{"close_eye":{"attachment":[{},{"time":1,"name":"close_eye"},{"time":1.2333},{"time":2.3333,"name":"close_eye"}]},"L_eye":{"attachment":[{"time":1},{"time":1.2333,"name":"L_eye"},{"time":2.3333}]},"L_eyeild":{"attachment":[{"time":1},{"time":1.2333,"name":"L_eyeild"},{"time":2.3333}]},"L_eye_white":{"attachment":[{"time":1},{"time":1.2333,"name":"L_eye_white"},{"time":2.3333}]},"R_eye":{"attachment":[{"time":1},{"time":1.2333,"name":"R_eye"},{"time":2.3333}]},"R_eyeild":{"attachment":[{"time":1},{"time":1.2333,"name":"R_eyeild"},{"time":2.3333}]},"R_eye_white":{"attachment":[{"time":1},{"time":1.2333,"name":"R_eye_white"},{"time":2.3333}]}},"bones":{"bone2":{"translate":[{"y":-1}]},"bone3":{"rotate":[{}],"translate":[{"curve":[0.39,0,0.777,0,0.39,0,0.777,3.45]},{"time":1.1667,"y":3.45,"curve":[1.556,0,1.944,0,1.556,3.45,1.944,0]},{"time":2.3333}],"scale":[{"x":0.996,"y":1.001,"curve":[0.39,0.996,0.777,1,0.39,1.001,0.777,1.001]},{"time":1.1667,"y":1.001,"curve":[1.556,1,1.944,0.996,1.556,1.001,1.944,1.001]},{"time":2.3333,"x":0.996,"y":1.001}]},"bone4":{"rotate":[{}],"translate":[{"x":8.75,"y":0.27}]},"bone5":{"rotate":[{"value":1.28}],"translate":[{"curve":[0.39,0,0.777,0,0.39,0,0.777,3.45]},{"time":1.1667,"y":3.45,"curve":[1.556,0,1.944,0,1.556,3.45,1.944,0]},{"time":2.3333}]},"bone6":{"rotate":[{"value":-2.56}],"translate":[{"x":8.23,"y":-2.89,"curve":[0.389,8.23,0.778,2.74,0.389,-2.89,0.778,-0.96]},{"time":1.1667,"x":2.74,"y":-0.96,"curve":[1.556,2.74,1.944,8.23,1.556,-0.96,1.944,-2.89]},{"time":2.3333,"x":8.23,"y":-2.89}]},"bone7":{"rotate":[{"value":0.16,"curve":[0.39,0.16,0.777,0.51]},{"time":1.1667,"value":0.51,"curve":[1.556,0.51,1.944,0.16]},{"time":2.3333,"value":0.16}],"translate":[{"y":-6.93,"curve":[0.39,0,0.777,0,0.39,-6.93,0.777,2.22]},{"time":1.1667,"y":2.22,"curve":[1.556,0,1.944,0,1.556,2.22,1.944,-6.93]},{"time":2.3333,"y":-6.93}]},"bone8":{"rotate":[{"value":1.75,"curve":[0.1,1.84,0.204,1.91]},{"time":0.3,"value":1.91,"curve":[0.69,1.91,1.077,0.93]},{"time":1.4667,"value":0.93,"curve":[1.76,0.93,2.044,1.47]},{"time":2.3333,"value":1.75}],"translate":[{"x":8.09,"y":-0.52,"curve":[0.1,7.38,0.204,6.85,0.1,-0.43,0.204,-0.37]},{"time":0.3,"x":6.85,"y":-0.37,"curve":[0.69,6.85,1.077,14.57,0.69,-0.37,1.077,-1.26]},{"time":1.4667,"x":14.57,"y":-1.26,"curve":[1.76,14.57,2.044,10.25,1.76,-1.26,2.044,-0.77]},{"time":2.3333,"x":8.09,"y":-0.52}]},"bone9":{"rotate":[{"value":-1.01,"curve":[0.197,-0.68,0.407,-0.35]},{"time":0.6,"value":-0.35,"curve":[0.99,-0.35,1.377,-1.68]},{"time":1.7667,"value":-1.68,"curve":[1.963,-1.68,2.141,-1.35]},{"time":2.3333,"value":-1.01}],"translate":[{"x":3.57,"y":0.58,"curve":[0.197,2.78,0.407,1.98,0.197,0.46,0.407,0.34]},{"time":0.6,"x":1.98,"y":0.34,"curve":[0.99,1.98,1.377,5.16,0.99,0.34,1.377,0.81]},{"time":1.7667,"x":5.16,"y":0.81,"curve":[1.963,5.16,2.141,4.37,1.963,0.81,2.141,0.7]},{"time":2.3333,"x":3.57,"y":0.58}]},"bone13":{"rotate":[{"value":-4.69,"curve":[0.05,-4.76,0.085,-4.81]},{"time":0.1333,"value":-4.81,"curve":[0.523,-4.81,0.91,-2.22]},{"time":1.3,"value":-2.22,"curve":[1.641,-2.22,1.994,-4.2]},{"time":2.3333,"value":-4.69}]},"bone14":{"rotate":[{"value":-9.69,"curve":[0.1,-10.29,0.204,-10.74]},{"time":0.3,"value":-10.74,"curve":[0.69,-10.74,1.077,-4.17]},{"time":1.4667,"value":-4.17,"curve":[1.76,-4.17,2.044,-7.85]},{"time":2.3333,"value":-9.69}]},"bone16":{"rotate":[{"value":-8.67,"curve":[0.147,-10.21,0.288,-11.48]},{"time":0.4333,"value":-11.48,"curve":[0.823,-11.48,1.21,-2.66]},{"time":1.6,"value":-2.66,"curve":[1.844,-2.66,2.091,-6.09]},{"time":2.3333,"value":-8.67}]},"bone17":{"rotate":[{"value":1.88,"curve":[0.147,0.85,0.288,0]},{"time":0.4333,"curve":[0.823,0,1.21,5.91]},{"time":1.6,"value":5.91,"curve":[1.844,5.91,2.091,3.61]},{"time":2.3333,"value":1.88}]},"bone19":{"rotate":[{"value":-0.72,"curve":[0.39,-0.72,0.777,0]},{"time":1.1667,"curve":[1.556,0,1.944,-0.72]},{"time":2.3333,"value":-0.72}]},"bone20":{"rotate":[{"value":-0.72,"curve":[0.39,-0.72,0.777,0]},{"time":1.1667}]},"bone23":{"rotate":[{"value":4.44,"curve":[0.197,2.66,0.407,0.87]},{"time":0.6,"value":0.87,"curve":[0.99,0.87,1.377,8.01]},{"time":1.7667,"value":8.01,"curve":[1.963,8.01,2.141,6.23]},{"time":2.3333,"value":4.44}]},"bone24":{"rotate":[{"value":8.23,"curve":[0.031,8.27,0.071,8.31]},{"time":0.1,"value":8.31,"curve":[0.49,8.31,0.877,4.9]},{"time":1.2667,"value":4.9,"curve":[1.628,4.9,1.974,7.81]},{"time":2.3333,"value":8.23}]},"bone25":{"rotate":[{"value":6.71}]},"bone27":{"rotate":[{"value":-6.08,"curve":[0.089,-5.43,0.18,-4.98]},{"time":0.2667,"value":-4.98,"curve":[0.656,-4.98,1.044,-13.34]},{"time":1.4333,"value":-13.34,"curve":[1.736,-13.34,2.033,-8.33]},{"time":2.3333,"value":-6.08}]},"bone28":{"rotate":[{"curve":[0.39,0,0.777,-4.03]},{"time":1.1667,"value":-4.03,"curve":[1.556,-4.03,1.944,0]},{"time":2.3333}]},"bone29":{"rotate":[{"curve":[0.39,0,0.777,-11.14]},{"time":1.1667,"value":-11.14,"curve":[1.556,-11.14,1.944,0]},{"time":2.3333}]},"bone30":{"rotate":[{"value":2.82,"curve":[0.39,2.82,0.777,-9.68]},{"time":1.1667,"value":-9.68,"curve":[1.556,-9.68,1.944,2.82]},{"time":2.3333,"value":2.82}]},"bone33":{"rotate":[{"value":-0.64,"curve":[0.119,-0.92,0.251,-1.12]},{"time":0.3667,"value":-1.12,"curve":[0.756,-1.12,1.144,1.13]},{"time":1.5333,"value":1.13,"curve":[1.807,1.13,2.063,0.02]},{"time":2.3333,"value":-0.64}]},"bone34":{"rotate":[{"curve":[0.39,0,0.777,-6.86]},{"time":1.1667,"value":-6.86,"curve":[1.556,-6.86,1.944,0]},{"time":2.3333}]},"bone35":{"rotate":[{"value":0.34,"curve":[0.39,0.34,0.777,-1.51]},{"time":1.1667,"value":-1.51,"curve":[1.556,-1.51,1.944,0.34]},{"time":2.3333,"value":0.34}],"translate":[{"x":-1.32,"y":-0.42,"curve":[0.39,-1.32,0.777,1.97,0.39,-0.42,0.777,0.66]},{"time":1.1667,"x":1.97,"y":0.66,"curve":[1.556,1.97,1.944,-1.32,1.556,0.66,1.944,-0.42]},{"time":2.3333,"x":-1.32,"y":-0.42}]},"bone38":{"translate":[{"x":-3.28,"y":0.41,"curve":[0.39,-3.28,0.777,1.41,0.39,0.41,0.777,-0.12]},{"time":1.1667,"x":1.41,"y":-0.12,"curve":[1.556,1.41,1.944,-3.28,1.556,-0.12,1.944,0.41]},{"time":2.3333,"x":-3.28,"y":0.41}]},"bone39b":{"rotate":[{"value":7.78,"curve":[0.39,7.78,0.777,-4.29]},{"time":1.1667,"value":-4.29,"curve":[1.556,-4.29,1.944,7.78]},{"time":2.3333,"value":7.78}]},"bone39c":{"rotate":[{"value":9.84,"curve":[0.39,9.84,0.777,-6.73]},{"time":1.1667,"value":-6.73,"curve":[1.556,-6.73,1.944,9.84]},{"time":2.3333,"value":9.84}]},"bone39d":{"rotate":[{"value":8.99,"curve":[0.39,8.99,0.777,-17.07]},{"time":1.1667,"value":-17.07,"curve":[1.556,-17.07,1.944,8.99]},{"time":2.3333,"value":8.99}]},"bone40b":{"rotate":[{"value":7.78,"curve":[0.39,7.78,0.777,-4.29]},{"time":1.1667,"value":-4.29,"curve":[1.556,-4.29,1.944,7.78]},{"time":2.3333,"value":7.78}]},"bone40c":{"rotate":[{"curve":[0.39,0,0.777,0.36]},{"time":1.1667,"value":0.36,"curve":[1.556,0.36,1.944,0]},{"time":2.3333}]},"bone40d":{"rotate":[{"curve":[0.39,0,0.777,-13.46]},{"time":1.1667,"value":-13.46,"curve":[1.556,-13.46,1.944,0]},{"time":2.3333}]},"bone41b":{"rotate":[{"value":4.42,"curve":[0.195,4.42,0.405,-2.99]},{"time":0.6,"value":-2.99,"curve":[0.795,-2.99,0.972,4.42]},{"time":1.1667,"value":4.42,"curve":[1.361,4.42,1.572,-2.99]},{"time":1.7667,"value":-2.99,"curve":[1.961,-2.99,2.139,4.42]},{"time":2.3333,"value":4.42}]},"bone41c":{"rotate":[{"value":4.42,"curve":[0.195,4.42,0.405,-2.99]},{"time":0.6,"value":-2.99,"curve":[0.795,-2.99,0.972,4.42]},{"time":1.1667,"value":4.42,"curve":[1.361,4.42,1.572,-2.99]},{"time":1.7667,"value":-2.99,"curve":[1.961,-2.99,2.139,4.42]},{"time":2.3333,"value":4.42}]},"bone42b":{"rotate":[{"value":0.49,"curve":[0.195,0.49,0.405,-2.99]},{"time":0.6,"value":-2.99,"curve":[0.795,-2.99,0.972,0.49]},{"time":1.1667,"value":0.49,"curve":[1.361,0.49,1.572,-2.99]},{"time":1.7667,"value":-2.99,"curve":[1.961,-2.99,2.139,0.49]},{"time":2.3333,"value":0.49}]},"bone42c":{"rotate":[{"value":6.38,"curve":[0.195,6.38,0.405,-2.99]},{"time":0.6,"value":-2.99,"curve":[0.795,-2.99,0.972,6.38]},{"time":1.1667,"value":6.38,"curve":[1.361,6.38,1.572,-2.99]},{"time":1.7667,"value":-2.99,"curve":[1.961,-2.99,2.139,6.38]},{"time":2.3333,"value":6.38}]},"bone43b":{"rotate":[{"value":-0.04,"curve":[0.195,-0.04,0.405,-2.86]},{"time":0.6,"value":-2.86,"curve":[0.795,-2.86,0.972,-0.04]},{"time":1.1667,"value":-0.04,"curve":[1.361,-0.04,1.572,-2.86]},{"time":1.7667,"value":-2.86,"curve":[1.961,-2.86,2.139,-0.04]},{"time":2.3333,"value":-0.04}]},"bone43c":{"rotate":[{"value":15.31,"curve":[0.195,15.31,0.405,6.25]},{"time":0.6,"value":6.25,"curve":[0.795,6.25,0.972,15.31]},{"time":1.1667,"value":15.31,"curve":[1.361,15.31,1.572,8.26]},{"time":1.7667,"value":8.26,"curve":[1.961,8.26,2.139,15.31]},{"time":2.3333,"value":15.31}]},"bone44b":{"rotate":[{"value":2.27,"curve":[0.39,2.27,0.777,-2.13]},{"time":1.1667,"value":-2.13,"curve":[1.556,-2.13,1.944,2.27]},{"time":2.3333,"value":2.27}]},"bone44c":{"rotate":[{"value":-0.1,"curve":[0.39,-0.1,0.777,-10.07]},{"time":1.1667,"value":-10.07,"curve":[1.556,-10.07,1.944,-0.1]},{"time":2.3333,"value":-0.1}]},"bone44d":{"rotate":[{"value":5.92,"curve":[0.39,5.92,0.777,-16.77]},{"time":1.1667,"value":-16.77,"curve":[1.556,-16.77,1.944,5.92]},{"time":2.3333,"value":5.92}]},"bone45b":{"rotate":[{"value":6.66,"curve":[0.05,7.11,0.085,7.45]},{"time":0.1333,"value":7.45,"curve":[0.523,7.45,0.91,-9.2]},{"time":1.3,"value":-9.2,"curve":[1.641,-9.2,1.994,3.51]},{"time":2.3333,"value":6.66}]},"bone45c":{"rotate":[{"value":18.59,"curve":[0.05,19.47,0.085,20.14]},{"time":0.1333,"value":20.14,"curve":[0.523,20.14,0.91,-12.71]},{"time":1.3,"value":-12.71,"curve":[1.641,-12.71,1.994,12.37]},{"time":2.3333,"value":18.59}]},"bone49":{"rotate":[{"value":-2.01,"curve":[0.195,-2.01,0.405,7.31]},{"time":0.6,"value":7.31,"curve":[0.795,7.31,0.972,-2.01]},{"time":1.1667,"value":-2.01,"curve":[1.361,-2.01,1.572,7.31]},{"time":1.7667,"value":7.31,"curve":[1.961,7.31,2.139,-2.01]},{"time":2.3333,"value":-2.01}]},"bone50":{"rotate":[{"value":-0.52,"curve":[0.05,-1.38,0.085,-2.01]},{"time":0.1333,"value":-2.01,"curve":[0.328,-2.01,0.539,7.31]},{"time":0.7333,"value":7.31,"curve":[0.928,7.31,1.105,-2.01]},{"time":1.3,"value":-2.01,"curve":[1.495,-2.01,1.705,7.31]},{"time":1.9,"value":7.31,"curve":[2.047,7.31,2.189,2.09]},{"time":2.3333,"value":-0.52}]},"bone51":{"rotate":[{"value":-2.01,"curve":[0.195,-2.01,0.405,7.31]},{"time":0.6,"value":7.31,"curve":[0.795,7.31,0.972,-2.01]},{"time":1.1667,"value":-2.01,"curve":[1.361,-2.01,1.572,7.31]},{"time":1.7667,"value":7.31,"curve":[1.961,7.31,2.139,-2.01]},{"time":2.3333,"value":-2.01}]},"bone52":{"rotate":[{"value":-0.52,"curve":[0.05,-1.38,0.085,-2.01]},{"time":0.1333,"value":-2.01,"curve":[0.328,-2.01,0.539,7.31]},{"time":0.7333,"value":7.31,"curve":[0.928,7.31,1.105,-2.01]},{"time":1.3,"value":-2.01,"curve":[1.495,-2.01,1.705,7.31]},{"time":1.9,"value":7.31,"curve":[2.047,7.31,2.189,2.09]},{"time":2.3333,"value":-0.52}]},"bone53":{"rotate":[{"value":-2.01,"curve":[0.195,-2.01,0.405,7.31]},{"time":0.6,"value":7.31,"curve":[0.795,7.31,0.972,-2.01]},{"time":1.1667,"value":-2.01,"curve":[1.361,-2.01,1.572,7.31]},{"time":1.7667,"value":7.31,"curve":[1.961,7.31,2.139,-2.01]},{"time":2.3333,"value":-2.01}]},"bone54":{"rotate":[{"value":-0.52,"curve":[0.05,-1.38,0.085,-2.01]},{"time":0.1333,"value":-2.01,"curve":[0.328,-2.01,0.539,7.31]},{"time":0.7333,"value":7.31,"curve":[0.928,7.31,1.105,-2.01]},{"time":1.3,"value":-2.01,"curve":[1.495,-2.01,1.705,7.31]},{"time":1.9,"value":7.31,"curve":[2.047,7.31,2.189,2.09]},{"time":2.3333,"value":-0.52}]},"bone55":{"rotate":[{"value":-2.01,"curve":[0.195,-2.01,0.405,7.31]},{"time":0.6,"value":7.31,"curve":[0.795,7.31,0.972,-2.01]},{"time":1.1667,"value":-2.01,"curve":[1.361,-2.01,1.572,7.31]},{"time":1.7667,"value":7.31,"curve":[1.961,7.31,2.139,-2.01]},{"time":2.3333,"value":-2.01}]},"bone56":{"rotate":[{"value":-0.52,"curve":[0.05,-1.38,0.085,-2.01]},{"time":0.1333,"value":-2.01,"curve":[0.328,-2.01,0.539,7.31]},{"time":0.7333,"value":7.31,"curve":[0.928,7.31,1.105,-2.01]},{"time":1.3,"value":-2.01,"curve":[1.495,-2.01,1.705,7.31]},{"time":1.9,"value":7.31,"curve":[2.047,7.31,2.189,2.09]},{"time":2.3333,"value":-0.52}]},"bone57":{"rotate":[{"value":-2.01,"curve":[0.195,-2.01,0.405,7.31]},{"time":0.6,"value":7.31,"curve":[0.795,7.31,0.972,-2.01]},{"time":1.1667,"value":-2.01,"curve":[1.361,-2.01,1.572,7.31]},{"time":1.7667,"value":7.31,"curve":[1.961,7.31,2.139,-2.01]},{"time":2.3333,"value":-2.01}]},"bone59":{"rotate":[{"value":-6.09,"curve":[0.195,-6.09,0.405,12.26]},{"time":0.6,"value":12.26,"curve":[0.795,12.26,0.972,-6.09]},{"time":1.1667,"value":-6.09,"curve":[1.361,-6.09,1.572,12.26]},{"time":1.7667,"value":12.26,"curve":[1.961,12.26,2.139,-6.09]},{"time":2.3333,"value":-6.09}]},"bone60":{"rotate":[{"value":-3.15,"curve":[0.05,-4.83,0.085,-6.09]},{"time":0.1333,"value":-6.09,"curve":[0.328,-6.09,0.539,12.26]},{"time":0.7333,"value":12.26,"curve":[0.928,12.26,1.105,-6.09]},{"time":1.3,"value":-6.09,"curve":[1.495,-6.09,1.705,12.26]},{"time":1.9,"value":12.26,"curve":[2.047,12.26,2.189,1.98]},{"time":2.3333,"value":-3.15}]},"bone61":{"rotate":[{"value":-6.09,"curve":[0.195,-6.09,0.405,12.26]},{"time":0.6,"value":12.26,"curve":[0.795,12.26,0.972,-6.09]},{"time":1.1667,"value":-6.09,"curve":[1.361,-6.09,1.572,12.26]},{"time":1.7667,"value":12.26,"curve":[1.961,12.26,2.139,-6.09]},{"time":2.3333,"value":-6.09}]},"bone62":{"rotate":[{"value":-3.15,"curve":[0.05,-4.83,0.085,-6.09]},{"time":0.1333,"value":-6.09,"curve":[0.328,-6.09,0.539,12.26]},{"time":0.7333,"value":12.26,"curve":[0.928,12.26,1.105,-6.09]},{"time":1.3,"value":-6.09,"curve":[1.495,-6.09,1.705,12.26]},{"time":1.9,"value":12.26,"curve":[2.047,12.26,2.189,1.98]},{"time":2.3333,"value":-3.15}]},"bone63":{"rotate":[{"value":-6.09,"curve":[0.195,-6.09,0.405,12.26]},{"time":0.6,"value":12.26,"curve":[0.795,12.26,0.972,-6.09]},{"time":1.1667,"value":-6.09,"curve":[1.361,-6.09,1.572,12.26]},{"time":1.7667,"value":12.26,"curve":[1.961,12.26,2.139,-6.09]},{"time":2.3333,"value":-6.09}]},"bone64":{"rotate":[{"value":-3.15,"curve":[0.05,-4.83,0.085,-6.09]},{"time":0.1333,"value":-6.09,"curve":[0.328,-6.09,0.539,12.26]},{"time":0.7333,"value":12.26,"curve":[0.928,12.26,1.105,-6.09]},{"time":1.3,"value":-6.09,"curve":[1.495,-6.09,1.705,12.26]},{"time":1.9,"value":12.26,"curve":[2.047,12.26,2.189,1.98]},{"time":2.3333,"value":-3.15}]},"bone65":{"rotate":[{"value":-6.09,"curve":[0.195,-6.09,0.405,12.26]},{"time":0.6,"value":12.26,"curve":[0.795,12.26,0.972,-6.09]},{"time":1.1667,"value":-6.09,"curve":[1.361,-6.09,1.572,12.26]},{"time":1.7667,"value":12.26,"curve":[1.961,12.26,2.139,-6.09]},{"time":2.3333,"value":-6.09}]},"bone66":{"rotate":[{"value":-3.15,"curve":[0.05,-4.83,0.085,-6.09]},{"time":0.1333,"value":-6.09,"curve":[0.328,-6.09,0.539,12.26]},{"time":0.7333,"value":12.26,"curve":[0.928,12.26,1.105,-6.09]},{"time":1.3,"value":-6.09,"curve":[1.495,-6.09,1.705,12.26]},{"time":1.9,"value":12.26,"curve":[2.047,12.26,2.189,1.98]},{"time":2.3333,"value":-3.15}]},"bone68":{"rotate":[{"value":20.15,"curve":[0.389,20.15,0.778,6.29]},{"time":1.1667,"value":6.29,"curve":[1.556,6.29,1.944,20.15]},{"time":2.3333,"value":20.15}],"translate":[{"time":1.1667,"curve":[1.556,0,1.944,0,1.556,0,1.944,0]},{"time":2.3333}]},"bone68d":{"rotate":[{"value":3.19,"curve":[0.058,3.64,0.112,4.01]},{"time":0.1667,"value":4.01,"curve":[0.556,4.01,0.944,-9.45]},{"time":1.3333,"value":-9.45,"curve":[1.668,-9.45,2.002,0.41]},{"time":2.3333,"value":3.19}]},"bone68e":{"rotate":[{"value":1.32,"curve":[0.113,2.86,0.223,4.01]},{"time":0.3333,"value":4.01,"curve":[0.722,4.01,1.111,-9.45]},{"time":1.5,"value":-9.45,"curve":[1.779,-9.45,2.057,-2.6]},{"time":2.3333,"value":1.32}]},"bone68f":{"rotate":[{"value":-1.3,"curve":[0.168,1.51,0.334,4.01]},{"time":0.5,"value":4.01,"curve":[0.889,4.01,1.278,-9.45]},{"time":1.6667,"value":-9.45,"curve":[1.89,-9.45,2.113,-5.07]},{"time":2.3333,"value":-1.3}]},"bone31":{"rotate":[{"value":2.91,"curve":[0.031,3.24,0.071,3.51]},{"time":0.1,"value":3.51,"curve":[0.295,3.51,0.472,-5.63]},{"time":0.6667,"value":-5.63,"curve":[0.861,-5.63,1.072,3.51]},{"time":1.2667,"value":3.51,"curve":[1.461,3.51,1.639,-5.63]},{"time":1.8333,"value":-5.63,"curve":[2,-5.63,2.169,0.95]},{"time":2.3333,"value":2.91}]},"bone31b":{"rotate":[{"value":1.35,"curve":[0.06,2.59,0.109,3.51]},{"time":0.1667,"value":3.51,"curve":[0.361,3.51,0.572,-6.48]},{"time":0.7667,"value":-6.48,"curve":[0.961,-6.48,1.139,3.51]},{"time":1.3333,"value":3.51,"curve":[1.528,3.51,1.739,-6.48]},{"time":1.9333,"value":-6.48,"curve":[2.07,-6.48,2.198,-1.58]},{"time":2.3333,"value":1.35}]},"bone31c":{"rotate":[{"value":-0.75,"curve":[0.089,1.46,0.18,3.51]},{"time":0.2667,"value":3.51,"curve":[0.461,3.51,0.639,-6.48]},{"time":0.8333,"value":-6.48,"curve":[1.028,-6.48,1.239,3.51]},{"time":1.4333,"value":3.51,"curve":[1.628,3.51,1.805,-6.48]},{"time":2,"value":-6.48,"curve":[2.108,-6.48,2.228,-3.48]},{"time":2.3333,"value":-0.75}]},"bone57b":{"rotate":[{"value":-0.52,"curve":[0.05,-1.38,0.085,-2.01]},{"time":0.1333,"value":-2.01,"curve":[0.328,-2.01,0.539,7.31]},{"time":0.7333,"value":7.31,"curve":[0.928,7.31,1.105,-2.01]},{"time":1.3,"value":-2.01,"curve":[1.495,-2.01,1.705,7.31]},{"time":1.9,"value":7.31,"curve":[2.047,7.31,2.189,2.09]},{"time":2.3333,"value":-0.52}]},"bone69":{"translate":[{"x":774.91,"curve":[0.39,774.91,0.777,1440,0.39,0,0.777,0]},{"time":1.1667,"x":1440,"curve":[1.556,1440,1.944,774.91,1.556,0,1.944,0]},{"time":2.3333,"x":774.91}]},"bone71":{"translate":[{"x":482.99,"curve":[0.39,482.99,0.777,44.84,0.39,0,0.777,0]},{"time":1.1667,"x":44.84,"curve":[1.556,44.84,1.944,482.99,1.556,0,1.944,0]},{"time":2.3333,"x":482.99}]},"bone70":{"translate":[{"x":1068}]}},"drawOrder":[{"offsets":[{"slot":"R_finger_3","offset":-35},{"slot":"R_hand","offset":-35},{"slot":"R_weapon","offset":-35},{"slot":"R_finger_1","offset":-35},{"slot":"R_finger_2","offset":-35}]}]}}}